Sku,,Description,Image,Category,Brand,Price,Stock
DBX04R,Dorman Smith 4 Way 250A TP&N Distribution Board DBX04R,"Current Rating: 250A
No. ways: 4
Incoming options: AV3100-3125, AV4100-4125 with DBXCKR, 4 Pole RCCB or YA3 MCCB up to 250A mounted in DBXYA3
Outgoing options: Single and Triple Pole K Series MCB, Single or Double Pole K Series RCBO and Double and 4 Pole RCCB
Exceeds the requirements of EN60439-3
IP Rating: IP4X
Height: 544mm
Width: 484mm
Depth: 159mm
Certified: Busbar certified to 10kA for 250mS",https://storage.electrika.com/manu/man-0160/picsprodmedium/tpnboard_2_20mg6e.jpg|https://storage.electrika.com/manu/man-0160/picsprod/tpnboard_1_jbcved.jpg,Distribution Boards,Dorman Smith,118.61,123
DBX06R,Dorman Smith 6 way 250A TP&N distribution board DBX06R,"Current Rating: 250A
No. ways: 6
Incoming options: AV3100-3125, AV4100-4125 with DBXCKR, 4 Pole RCCB or YA3 MCCB up to 250A mounted in DBXYA3
Outgoing options: Single and Triple Pole K Series MCB, Single or Double Pole K Series RCBO and Double and 4 Pole RCCB
Exceeds the requirements of EN60439-3
IP Rating: IP4X
Height: 598mm
Width: 484mm
Depth: 159mm
Certified: Busbar certified to 10kA for 250mS",https://storage.electrika.com/manu/man-0160/picsprodmedium/tpnboard_2_20mg6e.jpg|https://storage.electrika.com/manu/man-0160/picsprod/tpnboard_1_jbcved.jpg,Distribution Boards,Dorman Smith,135.39,123
DBX08R,Dorman Smith 8 way 250A TP&N distribution board DBX08R,"Current Rating: 250A
No. ways: 8
Incoming options: AV3100-3125, AV4100-4125 with DBXCKR, 4 Pole RCCB or YA3 MCCB up to 250A mounted in DBXYA3
Outgoing options: Single and Triple Pole K Series MCB, Single or Double Pole K Series RCBO and Double and 4 Pole RCCB
Exceeds the requirements of EN60439-3
IP Rating: IP4X
Height: 651mm
Width: 484mm
Depth: 159mm
Certified: Busbar certified to 10kA for 250mS",https://storage.electrika.com/manu/man-0160/picsprodmedium/tpnboard_2_20mg6e.jpg|https://storage.electrika.com/manu/man-0160/picsprod/tpnboard_1_jbcved.jpg,Distribution Boards,Dorman Smith,137.33,123
DBX12R,Dorman Smith 12 way 250A TP&N distribution board DBX12R,"Current Rating: 250A
No. ways: 12
Incoming options: AV3100-3125, AV4100-4125 with DBXCKR, 4 Pole RCCB or YA3 MCCB up to 250A mounted in DBXYA3
Outgoing options: Single and Triple Pole K Series MCB, Single or Double Pole K Series RCBO and Double and 4 Pole RCCB
Exceeds the requirements of EN60439-3
IP Rating: IP4X
Height: 758mm
Width: 484mm
Depth: 159mm
Certified: Busbar certified to 10kA for 250mS",https://storage.electrika.com/manu/man-0160/picsprodmedium/tpnboard_2_20mg6e.jpg|https://storage.electrika.com/manu/man-0160/picsprod/tpnboard_1_jbcved.jpg,Distribution Boards,Dorman Smith,149.59,123
DBX16R,Dorman Smith 16 way 250A TP&N distribution board DBX16R,"Current Rating: 250A
No. ways: 16
Incoming options: AV3100-3125, AV4100-4125 with DBXCKR, 4 Pole RCCB or YA3 MCCB up to 250A mounted in DBXYA3
Outgoing options: Single and Triple Pole K Series MCB, Single or Double Pole K Series RCBO and Double and 4 Pole RCCB
Exceeds the requirements of EN60439-3
IP Rating: IP4X
Height: 865mm
Width: 484mm
Depth: 159mm
Certified: Busbar certified to 10kA for 250mS",https://storage.electrika.com/manu/man-0160/picsprodmedium/tpnboard_2_20mg6e.jpg|https://storage.electrika.com/manu/man-0160/picsprod/tpnboard_1_jbcved.jpg,Distribution Boards,Dorman Smith,221.75,123
DBX20R,Dorman Smith 20 way 250A TP&N distribution board DBX20R,"Current Rating: 250A
No. ways: 20
Incoming options: AV3100-3125, AV4100-4125 with DBXCKR, 4 Pole RCCB or YA3 MCCB up to 250A mounted in DBXYA3
Outgoing options: Single and Triple Pole K Series MCB, Single or Double Pole K Series RCBO and Double and 4 Pole RCCB
Exceeds the requirements of EN60439-3
IP Rating: IP4X
Height: 1025mm
Width: 484mm
Depth: 159mm
Certified: Busbar certified to 10kA for 250mS",https://storage.electrika.com/manu/man-0160/picsprodmedium/tpnboard_2_20mg6e.jpg|https://storage.electrika.com/manu/man-0160/picsprod/tpnboard_1_jbcved.jpg,Distribution Boards,Dorman Smith,288.66,123
DBX24R,Dorman Smith 24 way 250A TP&N distribution board DBX24R,"Current Rating: 250A
No. ways: 24
Incoming options: AV3100-3125, AV4100-4125 with DBXCKR, 4 Pole RCCB or YA3 MCCB up to 250A mounted in DBXYA3
Outgoing options: Single and Triple Pole K Series MCB, Single or Double Pole K Series RCBO and Double and 4 Pole RCCB
Exceeds the requirements of EN60439-3
IP Rating: IP4X
Height: 1132mm
Width: 484mm
Depth: 159mm
Certified: Busbar certified to 10kA for 250mS",https://storage.electrika.com/manu/man-0160/picsprodmedium/tpnboard_2_20mg6e.jpg|https://storage.electrika.com/manu/man-0160/picsprod/tpnboard_1_jbcved.jpg,Distribution Boards,Dorman Smith,308.30,123
DBXBM,Dorman Smith 5 x 1P MCB Blanks plus 5 x Busbar Terminal Blanks DBXBM,For use with: 5 x Single Pole MCB Blanks and 5 x Busbar Terminal Blanks for Distribution Boards,https://www.dungannonelectrical.co.uk/streamProductImage.aspx?&width=500&height=500&paddingColour=ffffff&ref=DBXBM&ver=2&x=.jpg,Accessories,Dorman Smith,498.44,123
DBXBP,Dorman Smith 4 x 3P MCB Blanks plus 12 x Busbar Terminal Blanks DBXBP,For use with: 4 x Triple Pole MCB Blanks and 12 x Busbar Terminal Blanks for TP&N Distribution Boards,https://images-na.ssl-images-amazon.com/images/I/21iy9GmH1QL._QL70_ML2_.jpg,Accessories,Dorman Smith,5.43,123
K1PB06,Dorman Smith MCB K Series Type B SP 6A 10Ka K1PB06,"Miniature Circuit breakers are designed to be used with the Loadlimiter 63 SP&N and TP&N distribution board systems.

· 1-pole MCB
· 10kA MCB 1-pole 6A B type
· 10kA rated to EN 60898
· 15kA rated to EN 60947
· Contact position indicator
· Maximum cable termination of 35mm²",https://asset.eezybridge.com/thumb/9288b423-ae4e-41a5-aa43-6b84017a6060/105864|https://asset.eezybridge.com/thumb/9288b423-ae4e-41a5-aa43-6b84017a6060/105865?w=515&h=515,MCBs,Dorman Smith,6.21,123
K1PB10,Dorman Smith MCB SP Type B 10A 10KA K1PB10,"Miniature Circuit breakers are designed to be used with the Loadlimiter 63 SP&N and TP&N distribution board systems.

· 1-pole MCB
· 10kA MCB 1-pole 10A B type
· 10kA rated to EN 60898
· 15kA rated to EN 60947
· Contact position indicator
· Maximum cable termination of 35mm²",https://www.tradesparky.com/media/shared/productimages/dorman-smith-switchgear-limited/2cad5ab2-4842-411c-b417-3eae30d8cda5.png?p=260,MCBs,Dorman Smith,4.96,123
K1PB16,Dorman Smith MCB K Series Type B Single Pole 16A 10Ka K1PB16,"Miniature Circuit breakers are designed to be used with the Loadlimiter 63 SP&N and TP&N distribution board systems.

· 1-pole MCB
· 10kA MCB 1-pole 16A B type
· 10kA rated to EN 60898
· 15kA rated to EN 60947
· Contact position indicator
· Maximum cable termination of 35mm²",https://asset.eezybridge.com/thumb/9288b423-ae4e-41a5-aa43-6b84017a6060/105870?w=515&h=515|https://asset.eezybridge.com/thumb/9288b423-ae4e-41a5-aa43-6b84017a6060/105871?w=515&h=515|https://asset.eezybridge.com/thumb/9288b423-ae4e-41a5-aa43-6b84017a6060/105872?w=515&h=515,MCBs,Dorman Smith,4.96,123
K1PB20,Dorman Smith MCB K Series Type B Single Pole 20A 10Ka K1PB20,"Miniature Circuit breakers are designed to be used with the Loadlimiter 63 SP&N and TP&N distribution board systems.

· 1-pole MCB
· 10kA MCB 1-pole 20A B type
· 10kA rated to EN 60898
· 15kA rated to EN 60947
· Contact position indicator
· Maximum cable termination of 35mm²",https://asset.eezybridge.com/thumb/9288b423-ae4e-41a5-aa43-6b84017a6060/105875|https://asset.eezybridge.com/thumb/9288b423-ae4e-41a5-aa43-6b84017a6060/105876?w=515&h=515|https://asset.eezybridge.com/thumb/9288b423-ae4e-41a5-aa43-6b84017a6060/105877?w=515&h=515,MCBs,Dorman Smith,4.96,123
K1PB25,Dorman Smith K Series 10kA 1-pole 25A B type MCB K1PB25,"Exceeds the requirements of EN 60898
10kA rated to the requirements of EN 60898
15kA rated to the requirements of EN 60947
Contact position indicator
Maximum cable termination: 35mm²
Width: 17.5mm",https://storage.electrika.com/manu/man-0160/picsprod/1pole_1_8xdg9k.jpg|https://storage.electrika.com/manu/man-0160/picsprod/dbxinterior_1_hqu5kd.jpg,MCBs,Dorman Smith,13.65,123
K1PB32,Dorman Smith MCB K Series Type B Single Pole 32A 10Ka K1PB32,"Miniature Circuit breakers are designed to be used with the Loadlimiter 63 SP&N and TP&N distribution board systems.

· 1-pole MCB
· 10kA MCB 1-pole 32A B type
· 10kA rated to EN 60898
· 15kA rated to EN 60947
· Contact position indicator
· Maximum cable termination of 35mm²",https://asset.eezybridge.com/thumb/9288b423-ae4e-41a5-aa43-6b84017a6060/105878|https://asset.eezybridge.com/thumb/9288b423-ae4e-41a5-aa43-6b84017a6060/105879?w=515&h=515|https://asset.eezybridge.com/thumb/9288b423-ae4e-41a5-aa43-6b84017a6060/105880?w=515&h=515,MCBs,Dorman Smith,4.96,123
K1PB40,Dorman Smith MCB K Series Type B SP 40A 10Ka K1PB40,"Dorman Loadlimiter 63 Miniature Circuit Breaker suitable for TP and N distribution boards. It exceeds the requirements of EN 60898 standards, the maximum cable termination of 35mm² and 81mm high current MCB width.

· Contact position indicator
· Maximum cable termination of 35mm²
· 10kA rated to the requirements of EN 60898
· 15kA rated to the requirements of EN 60947",https://asset.eezybridge.com/thumb/9288b423-ae4e-41a5-aa43-6b84017a6060/147605,MCBs,Dorman Smith,7.20,123
K1PB50,Dorman Smith MCB K Series Type B SP 50A 10Ka K1PB50,"Dorman Smith Switchgear K1PB50 Loadlimiter 63 MCB K Series Type B SP 50A 10kA

· Product: Circuit Breaker
· Type: MCB
· Pole Configuration: SP
· Trip Type: Type B
· Short Circuit Rating: 10 kA
· Cable Capacity: 35 mm2
· Height: 88 mm
· Width: 17.5 mm
· Depth: 69.5 mm
· Current Rating: 50 A",https://asset.eezybridge.com/thumb/9288b423-ae4e-41a5-aa43-6b84017a6060/195900,MCBs,Dorman Smith,9.01,123
K1PB63,Dorman Smith MCB K Series Type B SP 63A 10Ka K1PB63,"Dorman Loadlimiter 63 Miniature Circuit Breaker suitable for TP and N distribution boards. It exceeds the requirements of EN 60898 standards, the maximum cable termination of 35mm² and 81mm high current MCB width.

· Contact position indicator
· Maximum cable termination of 35mm²
· 10kA rated to the requirements of EN 60898
· 15kA rated to the requirements of EN 60947",https://asset.eezybridge.com/thumb/9288b423-ae4e-41a5-aa43-6b84017a6060/147606,MCBs,Dorman Smith,9.01,123
K1PC01,Dorman Smith K Series 10kA 1-pole 1A C type MCB K1PC01,"Exceeds the requirements of EN 60898
10kA rated to the requirements of EN 60898
15kA rated to the requirements of EN 60947
Contact position indicator
Maximum cable termination: 35mm²
Width: 17.5mm",https://storage.electrika.com/manu/man-0160/picsprod/1pole_1_8xdg9k.jpg|https://storage.electrika.com/manu/man-0160/picsprodmedium/dbxinterior_1_hqu5kd.jpg,MCBs,Dorman Smith,18.01,123
K1PC02,Dorman Smith K Series 10kA 1-pole 2A C type MCB K1PC02,"Exceeds the requirements of EN 60898
10kA rated to the requirements of EN 60898
15kA rated to the requirements of EN 60947
Contact position indicator
Maximum cable termination: 35mm²
Width: 17.5mm",https://storage.electrika.com/manu/man-0160/picsprodmedium/1pole_1_8xdg9k.jpg|https://storage.electrika.com/manu/man-0160/picsprodmedium/dbxinterior_1_hqu5kd.jpg,MCBs,Dorman Smith,17.18,123
K1PC04,Dorman Smith K Series 10kA 1-pole 4A C type MCB K1PC04,"Exceeds the requirements of EN 60898
10kA rated to the requirements of EN 60898
15kA rated to the requirements of EN 60947
Contact position indicator
Maximum cable termination: 35mm²
Width: 17.5mm",https://storage.electrika.com/manu/man-0160/picsprod/1pole_1_8xdg9k.jpg|https://storage.electrika.com/manu/man-0160/picsprodmedium/dbxinterior_1_hqu5kd.jpg,MCBs,Dorman Smith,17.18,123
K1PC06,Dorman Smith MCB K Series Single Pole Type C 6A 10/15kA K1PC06,"Miniature Circuit breakers are designed to be used with the Loadlimiter 63 SP&N and TP&N distribution board systems.

· 1-pole MCB
· 10kA MCB 1-pole 6A C type
· 10kA rated to EN 60898
· 15kA rated to EN 60947
· Contact position indicator
· Maximum cable termination of 35mm²",https://asset.eezybridge.com/thumb/9288b423-ae4e-41a5-aa43-6b84017a6060/105881|https://asset.eezybridge.com/thumb/9288b423-ae4e-41a5-aa43-6b84017a6060/105882?w=515&h=515|https://asset.eezybridge.com/thumb/9288b423-ae4e-41a5-aa43-6b84017a6060/105883?w=515&h=515,MCBs,Dorman Smith,6.21,123
K1PC10,Dorman Smith MCB K Series Type C Single Pole 10A 10Ka K1PC10,"Miniature Circuit breakers are designed to be used with the Loadlimiter 63 SP&N and TP&N distribution board systems.

· 1-pole MCB
· 10kA MCB 1-pole 10A C type
· 10kA rated to EN 60898
· 15kA rated to EN 60947
· Contact position indicator
· Maximum cable termination of 35mm²",https://asset.eezybridge.com/thumb/9288b423-ae4e-41a5-aa43-6b84017a6060/105886?w=515&h=515|https://asset.eezybridge.com/thumb/9288b423-ae4e-41a5-aa43-6b84017a6060/105884|https://asset.eezybridge.com/thumb/9288b423-ae4e-41a5-aa43-6b84017a6060/105885?w=515&h=515,MCBs,Dorman Smith,4.96,123
K1PC16,Dorman Smith MCB K Series Type C Single Pole 16A 10Ka K1PC16,"Miniature Circuit breakers are designed to be used with the Loadlimiter 63 SP&N and TP&N distribution board systems.

· 1-pole MCB
· 10kA MCB 1-pole 16A C type
· 10kA rated to EN 60898
· 15kA rated to EN 60947
· Contact position indicator
· Maximum cable termination of 35mm²",https://asset.eezybridge.com/thumb/9288b423-ae4e-41a5-aa43-6b84017a6060/105889?w=515&h=515|https://asset.eezybridge.com/thumb/9288b423-ae4e-41a5-aa43-6b84017a6060/105887;https://asset.eezybridge.com/thumb/9288b423-ae4e-41a5-aa43-6b84017a6060/105888?w=515&h=515,MCBs,Dorman Smith,4.96,123
K1PC20,Dorman Smith MCB K Series Type C Single Pole 20A 10Ka K1PC20,"Product Details
Miniature Circuit breakers are designed to be used with the Loadlimiter 63 SP&N and TP&N distribution board systems.

· 1-pole MCB
· 10kA MCB 1-pole 20A C type
· 10kA rated to EN 60898
· 15kA rated to EN 60947
· Contact position indicator
· Maximum cable termination of 35mm²",https://asset.eezybridge.com/thumb/9288b423-ae4e-41a5-aa43-6b84017a6060/105892?w=515&h=515;https://rexelws.proplanet.nl/mediaservice.svc/getmedia/2500328595/FULL;https://asset.eezybridge.com/thumb/9288b423-ae4e-41a5-aa43-6b84017a6060/105891?w=515&h=515,MCBs,Dorman Smith,4.96,123
K1PC25,Dorman Smith MCB K Series Type C SP 25A 10Ka K1PC25,"Dorman Loadlimiter 63 Miniature Circuit Breaker suitable for TP and N distribution boards. It exceeds the requirements of EN 60898 standards, the maximum cable termination of 35mm² and 81mm high current MCB width.

· Contact position indicator
· Maximum cable termination of 35mm²
· 10kA rated to the requirements of EN 60898
· 15kA rated to the requirements of EN 60947",https://rexelws.proplanet.nl/mediaservice.svc/getmedia/2500328596/FULL,MCBs,Dorman Smith,13.65,123
K1PC32,Dorman Smith MCB K Series Type C Single Pole 32A 10Ka K1PC32,"Miniature Circuit breakers are designed to be used with the Loadlimiter 63 SP&N and TP&N distribution board systems.

· 1-pole MCB
· 10kA MCB 1-pole 32A C type
· 10kA rated to EN 60898
· 15kA rated to EN 60947
· Contact position indicator
· Maximum cable termination of 35mm²",https://asset.eezybridge.com/thumb/9288b423-ae4e-41a5-aa43-6b84017a6060/105896?w=515&h=515;https://rexelws.proplanet.nl/mediaservice.svc/getmedia/2500328723/FULL;https://asset.eezybridge.com/thumb/9288b423-ae4e-41a5-aa43-6b84017a6060/105895?w=515&h=515,MCBs,Dorman Smith,4.96,123
K1PC40,Dorman Smith MCB K Series Type C SP 40A 10Ka K1PC40,"Dorman Loadlimiter 63 Miniature Circuit Breaker suitable for TP and N distribution boards. It exceeds the requirements of EN 60898 standards, the maximum cable termination of 35mm² and 81mm high current MCB width.

· Contact position indicator
· Maximum cable termination of 35mm²
· 10kA rated to the requirements of EN 60898
· 15kA rated to the requirements of EN 60947",https://storage.electrika.com/manu/man-0160/picsprodmedium/1pole_1_8xdg9k.jpg,MCBs,Dorman Smith,6.82,123
K1PC50,Dorman Smith MCB K Series Type C SP 50A 10Ka K1PC50,"Dorman Loadlimiter 63 Miniature Circuit Breaker suitable for TP and N distribution boards. It exceeds the requirements of EN 60898 standards, the maximum cable termination of 35mm² and 81mm high current MCB width.

· Contact position indicator
· Maximum cable termination of 35mm²
· 10kA rated to the requirements of EN 60898
· 15kA rated to the requirements of EN 60947",https://rexelws.proplanet.nl/mediaservice.svc/getmedia/2500328725/FULL,MCBs,Dorman Smith,8.60,123
K1PC63,Dorman Smith MCB K Series Type C SP 63A 10Ka K1PC63,"Miniature Circuit breakers are designed to be used with the Loadlimiter 63 SP&N and TP&N distribution board systems.

· 1-pole MCB
· 10kA MCB 1-pole 63A C type
· 10kA rated to EN 60898
· 15kA rated to EN 60947
· Contact position indicator
· Maximum cable termination of 35mm²",https://asset.eezybridge.com/thumb/9288b423-ae4e-41a5-aa43-6b84017a6060/105899?w=515&h=515;https://rexelws.proplanet.nl/mediaservice.svc/getmedia/2500328730/FULL;https://asset.eezybridge.com/thumb/9288b423-ae4e-41a5-aa43-6b84017a6060/105898?w=515&h=515,MCBs,Dorman Smith,8.19,123
K1PD06,Dorman Smith MCB K Series Type D SP 6A 10Ka K1PD06,"Exceeds the requirements of EN 60898
10kA rated to the requirements of EN 60898
15kA rated to the requirements of EN 60947
Contact position indicator
Maximum cable termination: 35mm²
Width: 17.5mm",https://rexelws.proplanet.nl/mediaservice.svc/getmedia/2500328731/FULL,MCBs,Dorman Smith,10.52,123
K1PD10,Dorman Smith MCB K Series Type D SP 10A 10Ka K1PD10,,https://rexelws.proplanet.nl/mediaservice.svc/getmedia/2500328732/FULL,MCBs,Dorman Smith,9.85,123
K1PD16,Dorman Smith MCB K Series Type D SP 16A 10Ka K1PD16,,https://rexelws.proplanet.nl/mediaservice.svc/getmedia/2500328737/FULL,MCBs,Dorman Smith,9.85,123
K1PD20,Dorman Smith MCB K Series Type D SP 20A 10Ka K1PD20,"Dorman Loadlimiter 63 Miniature Circuit Breaker suitable for TP and N distribution boards. It exceeds the requirements of EN 60898 standards, the maximum cable termination of 35mm² and 81mm high current MCB width.

· Contact position indicator
· Maximum cable termination of 35mm²
· 10kA rated to the requirements of EN 60898
· 15kA rated to the requirements of EN 60947",https://rexelws.proplanet.nl/mediaservice.svc/getmedia/2500328739/FULL,MCBs,Dorman Smith,9.85,123
K1PD25,Dorman Smith MCB K Series Type D 10/15kA 25a K1PD25,"Exceeds the requirements of EN 60898
10kA rated to the requirements of EN 60898
15kA rated to the requirements of EN 60947
Contact position indicator
Maximum cable termination: 35mm²
Width: 17.5mm",https://storage.electrika.com/manu/man-0160/picsprod/1pole_1_8xdg9k.jpg;https://storage.electrika.com/manu/man-0160/picsprodmedium/dbxinterior_1_hqu5kd.jpg,MCBs,Dorman Smith,16.04,123
K1PD32,Dorman Smith MCB K Series Type D SP 32A 10Ka K1PD32,"Exceeds the requirements of EN 60898
10kA rated to the requirements of EN 60898
15kA rated to the requirements of EN 60947
Contact position indicator
Maximum cable termination: 35mm²
Width: 17.5mm",https://storage.electrika.com/manu/man-0160/picsprodmedium/1pole_1_8xdg9k.jpg;https://storage.electrika.com/manu/man-0160/picsprodmedium/dbxinterior_1_hqu5kd.jpg,MCBs,Dorman Smith,10.41,123
T1PD40,Dorman Smith MCB T Series Type D SP 40A T1PD40,"6kA rated to the requirements of EN 60898
10kA rated to the requirements of EN 60947
Contact position indicator
Maximum cable termination: 35mm²
Width: 17.5mm
* Please be advised that the ""T"" series MCBs look physically different to the K series.",https://storage.electrika.com/manu/man-0160/picsprod/1pole_1_8xdg9k.jpg;https://storage.electrika.com/manu/man-0160/picsprodmedium/dbxinterior_1_hqu5kd.jpg,MCBs,Dorman Smith,16.90,123
T1PD50,Dorman Smith MCB T Series Type D SP 50A T1PD50,MCB T Series Type D SP 50A,https://storage.electrika.com/manu/man-0160/picsprod/1pole_1_8xdg9k.jpg;https://storage.electrika.com/manu/man-0160/picsprodmedium/dbxinterior_1_hqu5kd.jpg,MCBs,Dorman Smith,18.31,123
T1PD63,Dorman Smith MCB T Series Type D SP 63A T1PD63,MCB T Series Type D SP 63A,https://storage.electrika.com/manu/man-0160/picsprod/1pole_1_8xdg9k.jpg;https://storage.electrika.com/manu/man-0160/picsprodmedium/dbxinterior_1_hqu5kd.jpg,MCBs,Dorman Smith,18.31,123
PB204YB1,Dorman Smith Loadbank YB1 4 way 250A panel board PB204YB1,"The Loadbank 250 modular enclosure system is engineered to provide the unrivalled flexibility and build simplicity needed in order to produce a wide range of power distribution solutions. It consists of TP&N busbars of 400A and 800A with three different sizes of 6, 12 or 18 outgoing ways.

This range houses the incoming and outgoing devices in separate adjoining enclosures which then allows the widest range of possible circuit permutations, including oversized outgoing circuits, which can then be accommodated within a common format.

Incoming options range from 250A MCCBs to 800A switch fuses depending on the board. There is a single frame size MCCB for outgoing devices which is the YB3 frame MCCB up to 250A.

The standard finish is epoxy powder coating in light grey RAL 7035.

Compliance
• Panel Boards EN 61439-1
• MCCBs EN 60947-2",http://dormansmithswitchgear.com/wp/wp-content/uploads/2014/10/loadbank250_main.jpg,Panel Boards,Dorman Smith,644.16,123
PB206YB1,Dorman Smith Loadbank YB1 6 way 250A panel board PB206YB1,"The Loadbank 250 modular enclosure system is engineered to provide the unrivalled flexibility and build simplicity needed in order to produce a wide range of power distribution solutions. It consists of TP&N busbars of 400A and 800A with three different sizes of 6, 12 or 18 outgoing ways.

This range houses the incoming and outgoing devices in separate adjoining enclosures which then allows the widest range of possible circuit permutations, including oversized outgoing circuits, which can then be accommodated within a common format.

Incoming options range from 250A MCCBs to 800A switch fuses depending on the board. There is a single frame size MCCB for outgoing devices which is the YB3 frame MCCB up to 250A.

The standard finish is epoxy powder coating in light grey RAL 7035.

Compliance
• Panel Boards EN 61439-1
• MCCBs EN 60947-3",http://dormansmithswitchgear.com/wp/wp-content/uploads/2014/10/loadbank250_main.jpg,Panel Boards,Dorman Smith,692.61,123
PB208YB1,Dorman Smith Loadbank YB1 8 way 250A panel board PB208YB1,"The Loadbank 250 modular enclosure system is engineered to provide the unrivalled flexibility and build simplicity needed in order to produce a wide range of power distribution solutions. It consists of TP&N busbars of 400A and 800A with three different sizes of 6, 12 or 18 outgoing ways.

This range houses the incoming and outgoing devices in separate adjoining enclosures which then allows the widest range of possible circuit permutations, including oversized outgoing circuits, which can then be accommodated within a common format.

Incoming options range from 250A MCCBs to 800A switch fuses depending on the board. There is a single frame size MCCB for outgoing devices which is the YB3 frame MCCB up to 250A.

The standard finish is epoxy powder coating in light grey RAL 7035.

Compliance
• Panel Boards EN 61439-1
• MCCBs EN 60947-4",http://dormansmithswitchgear.com/wp/wp-content/uploads/2014/10/loadbank250_main.jpg,Panel Boards,Dorman Smith,805.44,123
PB212YB1,Dorman Smith Loadbank YB1 12 way 250A panel board PB212YB1,"The Loadbank 250 modular enclosure system is engineered to provide the unrivalled flexibility and build simplicity needed in order to produce a wide range of power distribution solutions. It consists of TP&N busbars of 400A and 800A with three different sizes of 6, 12 or 18 outgoing ways.

This range houses the incoming and outgoing devices in separate adjoining enclosures which then allows the widest range of possible circuit permutations, including oversized outgoing circuits, which can then be accommodated within a common format.

Incoming options range from 250A MCCBs to 800A switch fuses depending on the board. There is a single frame size MCCB for outgoing devices which is the YB3 frame MCCB up to 250A.

The standard finish is epoxy powder coating in light grey RAL 7035.

Compliance
• Panel Boards EN 61439-1
• MCCBs EN 60947-5",http://dormansmithswitchgear.com/wp/wp-content/uploads/2014/10/loadbank250_main.jpg,Panel Boards,Dorman Smith,965.96,123
PB406YB1,Dorman Smith Loadbank YB1 6 way 400A panel board PB406YB1,"The Loadbank 250 modular enclosure system is engineered to provide the unrivalled flexibility and build simplicity needed in order to produce a wide range of power distribution solutions. It consists of TP&N busbars of 400A and 800A with three different sizes of 6, 12 or 18 outgoing ways.

This range houses the incoming and outgoing devices in separate adjoining enclosures which then allows the widest range of possible circuit permutations, including oversized outgoing circuits, which can then be accommodated within a common format.

Incoming options range from 250A MCCBs to 800A switch fuses depending on the board. There is a single frame size MCCB for outgoing devices which is the YB3 frame MCCB up to 250A.

The standard finish is epoxy powder coating in light grey RAL 7035.

Compliance
• Panel Boards EN 61439-1
• MCCBs EN 60947-6",http://dormansmithswitchgear.com/wp/wp-content/uploads/2014/10/loadbank250_main.jpg,Panel Boards,Dorman Smith,337.06,123
PB408YB1,Dorman Smith Loadbank YB1 8 way 400A panel board PB408YB1,"The Loadbank 250 modular enclosure system is engineered to provide the unrivalled flexibility and build simplicity needed in order to produce a wide range of power distribution solutions. It consists of TP&N busbars of 400A and 800A with three different sizes of 6, 12 or 18 outgoing ways.

This range houses the incoming and outgoing devices in separate adjoining enclosures which then allows the widest range of possible circuit permutations, including oversized outgoing circuits, which can then be accommodated within a common format.

Incoming options range from 250A MCCBs to 800A switch fuses depending on the board. There is a single frame size MCCB for outgoing devices which is the YB3 frame MCCB up to 250A.

The standard finish is epoxy powder coating in light grey RAL 7035.

Compliance
• Panel Boards EN 61439-1
• MCCBs EN 60947-7",http://dormansmithswitchgear.com/wp/wp-content/uploads/2014/10/loadbank250_main.jpg,Panel Boards,Dorman Smith,337.06,123
PB412YB1,Dorman Smith Loadbank YB1 12 way 400A panel board PB412YB1,"The Loadbank 250 modular enclosure system is engineered to provide the unrivalled flexibility and build simplicity needed in order to produce a wide range of power distribution solutions. It consists of TP&N busbars of 400A and 800A with three different sizes of 6, 12 or 18 outgoing ways.

This range houses the incoming and outgoing devices in separate adjoining enclosures which then allows the widest range of possible circuit permutations, including oversized outgoing circuits, which can then be accommodated within a common format.

Incoming options range from 250A MCCBs to 800A switch fuses depending on the board. There is a single frame size MCCB for outgoing devices which is the YB3 frame MCCB up to 250A.

The standard finish is epoxy powder coating in light grey RAL 7035.

Compliance
• Panel Boards EN 61439-1
• MCCBs EN 60947-8",http://dormansmithswitchgear.com/wp/wp-content/uploads/2014/10/loadbank250_main.jpg,Panel Boards,Dorman Smith,337.06,123
YB3B3P250D,Dorman Smith YB3 3-pole 250A Switch disconnector YB3B3P250D,"Exceeds the requirements of EN60947-2
Max current rating: 250A",https://storage.electrika.com/manu/man-0160/picsprod/yb33p_1_p9ipo2.jpg,Switchgear & Distribution,Dorman Smith,214.36,123
YA5B3P400D,Dorman Smith YA5 400A 3-pole switch disconnector YA5B3P400D,"Exceeds the requirements of EN60947-2
Max current rating: 400A",https://rexelws.proplanet.nl/mediaservice.svc/getmedia/2500176885/FULL,Switchgear & Distribution,Dorman Smith,21.61,123
YB1NL,Dorman Smith YB1 neutral link YB1NL,,,MCCB General Purpose Enclosure,Dorman Smith,21.61,123
YB3NL,Dorman Smith YB3 Neutral Link YB3NL,,,MCCB General Purpose Enclosure,Dorman Smith,32.96,123
YA5NL,Dorman Smith YA5 neutral link YA5NL,,,MCCB General Purpose Enclosure,Dorman Smith,21.61,123
K3PB06,Dorman Smith MCB K Series Type B TP 6A 10Ka K3PB06,"Dorman Smith Switchgear K3PB06 Loadlimiter 63 MCB K Series Type B TP 6A 10kA

· Product: Circuit Breaker
· Type: MCB
· Pole Configuration: TP
· Trip Type: Type B
· Short Circuit Rating: 10 kA
· Cable Capacity: 35 mm2
· Height: 88 mm
· Width: 17.5 mm
· Depth: 69.5 mm
· Current Rating: 6 A",https://rexelws.proplanet.nl/mediaservice.svc/getmedia/2500328926/FULL,MCBs,Dorman Smith,28.46,123
K3PB10,Dorman Smith MCB K Series Type B TP 10A 10Ka K3PB10,"Dorman Smith Switchgear K3PB10 Loadlimiter 63 MCB K Series Type B TP 10A 10kA

· Product: Circuit Breaker
· Type: MCB
· Pole Configuration: TP
· Trip Type: Type B
· Short Circuit Rating: 10 kA
· Cable Capacity: 35 mm2
· Height: 88 mm
· Width: 17.5 mm
· Depth: 69.5 mm
· Current Rating: 10 A",https://storage.electrika.com/manu/man-0160/picsprodmedium/3pole_1_0ga34y.jpg;https://storage.electrika.com/manu/man-0160/picsprodmedium/dbxinterior_1_hqu5kd.jpg,MCBs,Dorman Smith,27.27,123
K3PB16,Dorman Smith MCB K Series Type B TP 16A 10Ka K3PB16,"Exceeds the requirements of EN 60898
10kA rated to the requirements of EN 60898
15kA rated to the requirements of EN 60947
Contact position indicator
Maximum cable termination: 35mm²
Width: 54mm",https://storage.electrika.com/manu/man-0160/picsprodmedium/3pole_1_0ga34y.jpg;https://storage.electrika.com/manu/man-0160/picsprodmedium/dbxinterior_1_hqu5kd.jpg,MCBs,Dorman Smith,27.27,123
K3PB20,Dorman Smith K Series 10kA 3-pole 20A B type MCB K3PB20,"Dorman Loadlimiter 63 Miniature Circuit Breaker suitable for TP and N distribution boards. It exceeds the requirements of EN 60898 standards, the maximum cable termination of 35mm² and 81mm high current MCB width.

· Contact position indicator
· Maximum cable termination of 35mm²
· 10kA rated to the requirements of EN 60898
· 15kA rated to the requirements of EN 60947",https://storage.electrika.com/manu/man-0160/picsprodmedium/3pole_1_0ga34y.jpg;https://storage.electrika.com/manu/man-0160/picsprodmedium/dbxinterior_1_hqu5kd.jpg,MCBs,Dorman Smith,27.27,123
K3PB25,Dorman Smith K Series 10kA 3-pole 25A B type MCB K3PB25,"Exceeds the requirements of EN 60898
10kA rated to the requirements of EN 60898
15kA rated to the requirements of EN 60947
Contact position indicator
Maximum cable termination: 35mm²
Width: 54mm",https://storage.electrika.com/manu/man-0160/picsprodmedium/3pole_1_0ga34y.jpg;https://storage.electrika.com/manu/man-0160/picsprodmedium/dbxinterior_1_hqu5kd.jpg,MCBs,Dorman Smith,55.98,123
K3PB32,Dorman Smith K Series 10kA 3-pole 32A B type MCB K3PB32,"Exceeds the requirements of EN 60898
10kA rated to the requirements of EN 60898
15kA rated to the requirements of EN 60947
Contact position indicator
Maximum cable termination: 35mm²
Width: 54mm",https://storage.electrika.com/manu/man-0160/picsprodmedium/3pole_1_0ga34y.jpg;https://storage.electrika.com/manu/man-0160/picsprodmedium/dbxinterior_1_hqu5kd.jpg,MCBs,Dorman Smith,27.27,123
K3PB40,Dorman Smith K Series 10kA 3-pole 40A B type MCB K3PB40,"Exceeds the requirements of EN 60898
10kA rated to the requirements of EN 60898
15kA rated to the requirements of EN 60947
Contact position indicator
Maximum cable termination: 35mm²
Width: 54mm",https://storage.electrika.com/manu/man-0160/picsprodmedium/3pole_1_0ga34y.jpg;https://storage.electrika.com/manu/man-0160/picsprodmedium/dbxinterior_1_hqu5kd.jpg,MCBs,Dorman Smith,30.53,123
K3PB50,Dorman Smith K Series 10kA 3-pole 50A B type MCB K3PB50,"Exceeds the requirements of EN 60898
10kA rated to the requirements of EN 60898
15kA rated to the requirements of EN 60947
Contact position indicator
Maximum cable termination: 35mm²
Width: 54mm",https://storage.electrika.com/manu/man-0160/picsprodmedium/3pole_1_0ga34y.jpg;https://storage.electrika.com/manu/man-0160/picsprodmedium/dbxinterior_1_hqu5kd.jpg,MCBs,Dorman Smith,31.83,123
K3PB63,Dorman Smith K Series 10kA 3-pole 63A B type MCB K3PB63,"Exceeds the requirements of EN 60898
10kA rated to the requirements of EN 60898
15kA rated to the requirements of EN 60947
Contact position indicator
Maximum cable termination: 35mm²
Width: 54mm",https://storage.electrika.com/manu/man-0160/picsprodmedium/3pole_1_0ga34y.jpg;https://storage.electrika.com/manu/man-0160/picsprodmedium/dbxinterior_1_hqu5kd.jpg,MCBs,Dorman Smith,31.83,123
K3PC01,Dorman Smith K Series 10kA 3-pole 1A C type MCB K3PC01,"xceeds the requirements of EN 60898
10kA rated to the requirements of EN 60898
15kA rated to the requirements of EN 60947
Contact position indicator
Maximum cable termination: 35mm²
Width: 54mm",https://storage.electrika.com/manu/man-0160/picsprodmedium/3pole_1_0ga34y.jpg;https://storage.electrika.com/manu/man-0160/picsprodmedium/dbxinterior_1_hqu5kd.jpg,MCBs,Dorman Smith,73.37,123
K3PC02,Dorman Smith K Series 10kA 3-pole 2A C type MCB K3PC02,"Exceeds the requirements of EN 60898
10kA rated to the requirements of EN 60898
15kA rated to the requirements of EN 60947
Contact position indicator
Maximum cable termination: 35mm²
Width: 54mm",https://storage.electrika.com/manu/man-0160/picsprodmedium/3pole_1_0ga34y.jpg;https://storage.electrika.com/manu/man-0160/picsprodmedium/dbxinterior_1_hqu5kd.jpg,MCBs,Dorman Smith,73.37,123
K3PC04,Dorman Smith K Series 10kA 3-pole 4A C type MCB K3PC04,"Exceeds the requirements of EN 60898
10kA rated to the requirements of EN 60898
15kA rated to the requirements of EN 60947
Contact position indicator
Maximum cable termination: 35mm²
Width: 54mm",https://storage.electrika.com/manu/man-0160/picsprodmedium/3pole_1_0ga34y.jpg;https://storage.electrika.com/manu/man-0160/picsprodmedium/dbxinterior_1_hqu5kd.jpg,MCBs,Dorman Smith,68.70,123
K3PC06,Dorman Smith K Series 10kA 3-pole 6A C type MCB K3PC06,"Exceeds the requirements of EN 60898
10kA rated to the requirements of EN 60898
15kA rated to the requirements of EN 60947
Contact position indicator
Maximum cable termination: 35mm²
Width: 54mm",https://storage.electrika.com/manu/man-0160/picsprodmedium/3pole_1_0ga34y.jpg;https://storage.electrika.com/manu/man-0160/picsprodmedium/dbxinterior_1_hqu5kd.jpg,MCBs,Dorman Smith,28.46,123
K3PC10,Dorman Smith K Series 10kA 3-pole 10A C type MCB K3PC10,"Exceeds the requirements of EN 60898
10kA rated to the requirements of EN 60898
15kA rated to the requirements of EN 60947
Contact position indicator
Maximum cable termination: 35mm²
Width: 54mm",https://storage.electrika.com/manu/man-0160/picsprodmedium/3pole_1_0ga34y.jpg;https://storage.electrika.com/manu/man-0160/picsprodmedium/dbxinterior_1_hqu5kd.jpg,MCBs,Dorman Smith,27.27,123
K3PC16,Dorman Smith K Series 10kA 3-pole 16A C type MCB K3PC16,"Exceeds the requirements of EN 60898
10kA rated to the requirements of EN 60898
15kA rated to the requirements of EN 60947
Contact position indicator
Maximum cable termination: 35mm²
Width: 54mm",https://storage.electrika.com/manu/man-0160/picsprodmedium/3pole_1_0ga34y.jpg;https://storage.electrika.com/manu/man-0160/picsprodmedium/dbxinterior_1_hqu5kd.jpg,MCBs,Dorman Smith,27.27,123
K3PC20,Dorman Smith K Series 10kA 3-pole 20A C type MCB K3PC20,"Exceeds the requirements of EN 60898
10kA rated to the requirements of EN 60898
15kA rated to the requirements of EN 60947
Contact position indicator
Maximum cable termination: 35mm²
Width: 54mm",https://storage.electrika.com/manu/man-0160/picsprodmedium/3pole_1_0ga34y.jpg;https://storage.electrika.com/manu/man-0160/picsprodmedium/dbxinterior_1_hqu5kd.jpg,MCBs,Dorman Smith,27.27,123
K3PC25,Dorman Smith K Series 10kA 3-pole 25A C type MCB K3PC25,"Exceeds the requirements of EN 60898
10kA rated to the requirements of EN 60898
15kA rated to the requirements of EN 60947
Contact position indicator
Maximum cable termination: 35mm²
Width: 54mm",https://storage.electrika.com/manu/man-0160/picsprodmedium/3pole_1_0ga34y.jpg;https://storage.electrika.com/manu/man-0160/picsprodmedium/dbxinterior_1_hqu5kd.jpg,MCBs,Dorman Smith,63.15,123
K3PC32,Dorman Smith K Series 10kA 3-pole 32A C type MCB K3PC32,"Exceeds the requirements of EN 60898
10kA rated to the requirements of EN 60898
15kA rated to the requirements of EN 60947
Contact position indicator
Maximum cable termination: 35mm²
Width: 54mm",https://storage.electrika.com/manu/man-0160/picsprodmedium/3pole_1_0ga34y.jpg;https://storage.electrika.com/manu/man-0160/picsprodmedium/dbxinterior_1_hqu5kd.jpg,MCBs,Dorman Smith,27.27,123
K3PC40,Dorman Smith K Series 10kA 3-pole 40A C type MCB K3PC40,"Exceeds the requirements of EN 60898
10kA rated to the requirements of EN 60898
15kA rated to the requirements of EN 60947
Contact position indicator
Maximum cable termination: 35mm²
Width: 54mm",https://storage.electrika.com/manu/man-0160/picsprodmedium/3pole_1_0ga34y.jpg;https://storage.electrika.com/manu/man-0160/picsprodmedium/dbxinterior_1_hqu5kd.jpg,MCBs,Dorman Smith,30.53,123
K3PC50,Dorman Smith K Series 10kA 3-pole 50A C type MCB K3PC50,"Exceeds the requirements of EN 60898
10kA rated to the requirements of EN 60898
15kA rated to the requirements of EN 60947
Contact position indicator
Maximum cable termination: 35mm²
Width: 54mm",https://storage.electrika.com/manu/man-0160/picsprodmedium/3pole_1_0ga34y.jpg;https://storage.electrika.com/manu/man-0160/picsprodmedium/dbxinterior_1_hqu5kd.jpg,MCBs,Dorman Smith,31.83,123
K3PC63,Dorman Smith K Series 10kA 3-pole 63A C type MCB K3PC63,"Exceeds the requirements of EN 60898
10kA rated to the requirements of EN 60898
15kA rated to the requirements of EN 60947
Contact position indicator
Maximum cable termination: 35mm²
Width: 54mm",https://storage.electrika.com/manu/man-0160/picsprodmedium/3pole_1_0ga34y.jpg;https://storage.electrika.com/manu/man-0160/picsprodmedium/dbxinterior_1_hqu5kd.jpg,MCBs,Dorman Smith,31.83,123
K3PD06,Dorman Smith K Series 10kA 3-pole 6A D type MCB K3PD06,"Exceeds the requirements of EN 60898
10kA rated to the requirements of EN 60898
15kA rated to the requirements of EN 60947
Contact position indicator
Maximum cable termination: 35mm²
Width: 54mm",https://storage.electrika.com/manu/man-0160/picsprodmedium/3pole_1_0ga34y.jpg;https://storage.electrika.com/manu/man-0160/picsprodmedium/dbxinterior_1_hqu5kd.jpg,MCBs,Dorman Smith,74.59,123
K3PD10,Dorman Smith K Series 10kA 3-pole 10A D type MCB K3PD10,"Exceeds the requirements of EN 60898
10kA rated to the requirements of EN 60898
15kA rated to the requirements of EN 60947
Contact position indicator
Maximum cable termination: 35mm²
Width: 54mm",https://storage.electrika.com/manu/man-0160/picsprodmedium/3pole_1_0ga34y.jpg;https://storage.electrika.com/manu/man-0160/picsprodmedium/dbxinterior_1_hqu5kd.jpg,MCBs,Dorman Smith,220.60,123
K3PD16,Dorman Smith K Series 10kA 3-pole 16A D type MCB K3PD16,"Exceeds the requirements of EN 60898
10kA rated to the requirements of EN 60898
15kA rated to the requirements of EN 60947
Contact position indicator
Maximum cable termination: 35mm²
Width: 54mm",https://storage.electrika.com/manu/man-0160/picsprodmedium/3pole_1_0ga34y.jpg;https://storage.electrika.com/manu/man-0160/picsprodmedium/dbxinterior_1_hqu5kd.jpg,MCBs,Dorman Smith,33.60,123
K3PD20,Dorman Smith K Series 10kA 3-pole 20A D type MCB K3PD20,"Exceeds the requirements of EN 60898
10kA rated to the requirements of EN 60898
15kA rated to the requirements of EN 60947
Contact position indicator
Maximum cable termination: 35mm²
Width: 54mm",https://storage.electrika.com/manu/man-0160/picsprodmedium/3pole_1_0ga34y.jpg;https://storage.electrika.com/manu/man-0160/picsprodmedium/dbxinterior_1_hqu5kd.jpg,MCBs,Dorman Smith,33.60,123
K3PD25,Dorman Smith K Series 10kA 3-pole 25A D type MCB K3PD25,"Exceeds the requirements of EN 60898
10kA rated to the requirements of EN 60898
15kA rated to the requirements of EN 60947
Contact position indicator
Maximum cable termination: 35mm²
Width: 54mm",https://storage.electrika.com/manu/man-0160/picsprodmedium/3pole_1_0ga34y.jpg;https://storage.electrika.com/manu/man-0160/picsprodmedium/dbxinterior_1_hqu5kd.jpg,MCBs,Dorman Smith,70.41,123
K3PD32,Dorman Smith K Series 10kA 3-pole 32A D type MCB K3PD32,"Exceeds the requirements of EN 60898
10kA rated to the requirements of EN 60898
15kA rated to the requirements of EN 60947
Contact position indicator
Maximum cable termination: 35mm²
Width: 54mm",https://storage.electrika.com/manu/man-0160/picsprodmedium/3pole_1_0ga34y.jpg;https://storage.electrika.com/manu/man-0160/picsprodmedium/dbxinterior_1_hqu5kd.jpg,MCBs,Dorman Smith,220.60,123
T3PD40,Dorman Smith T Series 6/10kA 3-pole 40A D type MCB T3PD40,"6kA rated to the requirements of EN 60898
10kA rated to the requirements of EN 60947
Contact position indicator
Maximum cable termination: 35mm²
Width: 54mm
* Please be advised that the ""T"" series MCBs look physically different to the K series.",https://storage.electrika.com/manu/man-0160/picsprod/3pole_1_0ga34y.jpg;https://storage.electrika.com/manu/man-0160/picsprodmedium/dbxinterior_1_hqu5kd.jpg,MCBs,Dorman Smith,32.30,123
T3PD50,Dorman Smith T Series 6/10kA 3-pole 50A D type MCB T3PD50,"6kA rated to the requirements of EN 60898
10kA rated to the requirements of EN 60947
Contact position indicator
Maximum cable termination: 35mm²
Width: 54mm
* Please be advised that the ""T"" series MCBs look physically different to the K series.",https://storage.electrika.com/manu/man-0160/picsprod/3pole_1_0ga34y.jpg;https://storage.electrika.com/manu/man-0160/picsprodmedium/dbxinterior_1_hqu5kd.jpg,MCBs,Dorman Smith,33.47,123
T3PD63,Dorman Smith T Series 6/10kA 3-pole 63A D type MCB T3PD63,"6kA rated to the requirements of EN 60898
10kA rated to the requirements of EN 60947
Contact position indicator
Maximum cable termination: 35mm²
Width: 54mm
* Please be advised that the ""T"" series MCBs look physically different to the K series.",https://storage.electrika.com/manu/man-0160/picsprod/3pole_1_0ga34y.jpg;https://storage.electrika.com/manu/man-0160/picsprodmedium/dbxinterior_1_hqu5kd.jpg,MCBs,Dorman Smith,37.19,123
KR1PC0630A,"Dorman Smith Single module 6A 30mA Type A RCBO, C curve KR1PC0630A","Exceeds the requirements of EN 61009
Rated breaking capacity: 10kA
Type: A
Single module width: 17.5mm
Outgoing terminal capacity: 10mm²
Busbar side terminal capacity: 35mm²
Current rating: 6A
Sensitivity: 30mA",https://rexelws.proplanet.nl/mediaservice.svc/getmedia/2500975348/FULL,RCBOs,Dorman Smith,32.38,123
KR1PC1030A,"Dorman Smith Single module 10A 30mA Type A RCBO, C curve KR1PC1030A","Exceeds the requirements of EN 61009
Rated breaking capacity: 10kA
Type: A
Single module width: 17.5mm
Outgoing terminal capacity: 10mm²
Busbar side terminal capacity: 35mm²
Current rating: 10A
Sensitivity: 30mA",https://rexelws.proplanet.nl/mediaservice.svc/getmedia/2500975349/FULL,RCBOs,Dorman Smith,91.33,123
KR1PC1630A,"Dorman Smith Single module 16A 30mA Type A RCBO, C curve KR1PC1630A","Exceeds the requirements of EN 61009
Rated breaking capacity: 10kA
Type: A
Single module width: 17.5mm
Outgoing terminal capacity: 10mm²
Busbar side terminal capacity: 35mm²
Current rating: 16A
Sensitivity: 30mA",https://rexelws.proplanet.nl/mediaservice.svc/getmedia/2500975350/FULL,RCBOs,Dorman Smith,91.33,123
KR1PC2030A,"Dorman Smith Single module 20A 30mA Type A RCBO, C curve KR1PC2030A","Exceeds the requirements of EN 61009
Rated breaking capacity: 10kA
Type: A
Single module width: 17.5mm
Outgoing terminal capacity: 10mm²
Busbar side terminal capacity: 35mm²
Current rating: 20A
Sensitivity: 30mA",https://rexelws.proplanet.nl/mediaservice.svc/getmedia/2500975351/FULL,RCBOs,Dorman Smith,91.33,123
KR1PC3230A,"Dorman Smith Single module 32A 30mA Type A RCBO, C curve KR1PC3230A","Exceeds the requirements of EN 61009
Rated breaking capacity: 10kA
Type: A
Single module width: 17.5mm
Outgoing terminal capacity: 10mm²
Busbar side terminal capacity: 35mm²
Current rating: 32A
Sensitivity: 30mA",https://rexelws.proplanet.nl/mediaservice.svc/getmedia/2500975352/FULL,RCBOs,Dorman Smith,91.33,123
KR1PC4030A,"Dorman Smith Single module 40A 30mA Type A RCBO, C curve KR1PC4030A","Dorman Smith Switchgear KR1PC4030A Loadlimiter 63 RCBO Type A KR Series SP Type C 40A 30mA 10kA

· Exceeds the requirements of EN 61009
· 10kA rated breaking capacity
· Type A and Type AC RCBOs available
· Single module width = 17.5mm
· Outgoing terminal capacity is 10mm²
· Busbar side terminal capacity is 35mm²",https://rexelws.proplanet.nl/mediaservice.svc/getmedia/2501248832/ZOOM,RCBOs,Dorman Smith,91.33,123
KR1PC4530A,"Dorman Smith Single module 45A 30mA Type A RCBO, C curve KR1PC4530A","Exceeds the requirements of EN 61009
Rated breaking capacity: 10kA
Type: A
Single module width: 17.5mm
Outgoing terminal capacity: 10mm²
Busbar side terminal capacity: 35mm²
Current rating: 32A
Sensitivity: 30mA",https://rexelws.proplanet.nl/mediaservice.svc/getmedia/2500975352/FULL,RCBOs,Dorman Smith,91.33,123
KR1PB0630A,"Dorman Smith Single module 6A 30mA Type A RCBO, B curve KR1PB0630A","Exceeds the requirements of EN 61009
Rated breaking capacity: 10kA
Type: A
Single module width: 17.5mm
Outgoing terminal capacity: 10mm²
Busbar side terminal capacity: 35mm²
Current rating: 6A
Sensitivity: 30mA",https://rexelws.proplanet.nl/mediaservice.svc/getmedia/2500975343/FULL,RCBOs,Dorman Smith,32.38,123
KR1PB1030A,"Dorman Smith Single module 10A 30mA Type A RCBO, B curve KR1PB1030A","Exceeds the requirements of EN 61009
Rated breaking capacity: 10kA
Type: A
Single module width: 17.5mm
Outgoing terminal capacity: 10mm²
Busbar side terminal capacity: 35mm²
Current rating: 10A
Sensitivity: 30mA",https://rexelws.proplanet.nl/mediaservice.svc/getmedia/2500975344/FULL,RCBOs,Dorman Smith,30.22,123
KR1PB1630A,"Dorman Smith Single module 16A 30mA Type A RCBO, B curve KR1PB1630A","Exceeds the requirements of EN 61009
Rated breaking capacity: 10kA
Type: A
Single module width: 17.5mm
Outgoing terminal capacity: 10mm²
Busbar side terminal capacity: 35mm²
Current rating: 16A
Sensitivity: 30mA",https://rexelws.proplanet.nl/mediaservice.svc/getmedia/2500975345/FULL,RCBOs,Dorman Smith,30.22,123
KR1PB2030A,"Dorman Smith Single module 20A 30mA Type A RCBO, B curve KR1PB2030A","Exceeds the requirements of EN 61009
Rated breaking capacity: 10kA
Type: A
Single module width: 17.5mm
Outgoing terminal capacity: 10mm²
Busbar side terminal capacity: 35mm²
Current rating: 20A
Sensitivity: 30mA",https://rexelws.proplanet.nl/mediaservice.svc/getmedia/2500975346/FULL,RCBOs,Dorman Smith,30.22,123
KR1PB3230A,"Dorman Smith Single module 32A 30mA Type A RCBO, B curve KR1PB3230A","Exceeds the requirements of EN 61009
Rated breaking capacity: 10kA
Type: A
Single module width: 17.5mm
Outgoing terminal capacity: 10mm²
Busbar side terminal capacity: 35mm²
Current rating: 32A
Sensitivity: 30mA",https://rexelws.proplanet.nl/mediaservice.svc/getmedia/2500975347/FULL,RCBOs,Dorman Smith,30.22,123
KR1PB4030A,"Dorman Smith Single module 40A 30mA Type A RCBO, B curve KR1PB4030A","Dorman Smith Switchgear KR1PB4030A Loadlimiter 63 RCBO Type A KR Series SP Type B 40A 30mA 10kA

· Exceeds the requirements of EN 61009
· 10kA rated breaking capacity
· Type A and Type AC RCBOs available
· Single module width = 17.5mm
· Outgoing terminal capacity is 10mm²
· Busbar side terminal capacity is 35mm²",https://rexelws.proplanet.nl/mediaservice.svc/getmedia/2501248829/FULL,RCBOs,Dorman Smith,32.38,123
KR1PB4530A,"Dorman Smith Single module 45A 30mA Type A RCBO, B curve KR1PB4530A","Exceeds the requirements of EN 61009
Rated breaking capacity: 10kA
Type: A
Single module width: 17.5mm
Outgoing terminal capacity: 10mm²
Busbar side terminal capacity: 35mm²
Current rating: 45A
Sensitivity: 30mA",,RCBOs,Dorman Smith,38.85,123
AV2100,Dorman Smith Switch Disconnector DP For Av Series 100A AV2100,"Dorman Loadlimiter 63 Switch Disconnector is an incoming device suitable for A-type distribution boards. It meets the requirements of EN 60947-3 standards and utilization category of AC22. It is used for installation of a 4-pole device as an incoming device for a Loadlimiter 63 TP&N distribution board then an additional connection kit is required with product code DBXCKR.

· Meets the requirements of EN 60947-3 standards
· Maximum cable termination capacity is 50mm²
· Utilization category of AC22",https://rexelws.proplanet.nl/mediaservice.svc/getmedia/2500006701/FULL,Switchgear & Distribution,Dorman Smith,12.96,123
AV3125,Dorman Smith Switch Disconnector Triple Pole For Av Series 125A AV3125,"A Switch Disconnector meets the requirements of EN 60947-3 standards.

· Accepts incoming cables up to 70mm² by using the DBXD1 direct connection kit
· Suitable for use with the B-type TP and D distribution boards, incoming devices
· Maximum cable termination is 50mm²",https://rexelws.proplanet.nl/mediaservice.svc/getmedia/2500042929/FULL,Switchgear & Distribution,Dorman Smith,21.48,123
AV2125,Dorman Smith Switch Disconnector DP For Av Series 125A AV2125,Switch Disconnector DP For Av Series 125A,https://storage.electrika.com/manu/man-0160/picsprod/av2100_jb5emy.jpg,Switchgear & Distribution,Dorman Smith,24.41,123
AV4125,Dorman Smith Switch Disconnector 4P For Av Series 125A AV4125,Switch Disconnector 4P For Av Series 125A,https://rexelws.proplanet.nl/mediaservice.svc/getmedia/2500042930/FULL,Switchgear & Distribution,Dorman Smith,37.78,123
PBCSB,Dorman Smith Loadbank YB1 Cable Spreader Box PBCSB,Loadbank YB1 Cable Spreader Box,https://rexelws.proplanet.nl/mediaservice.svc/getmedia/2500584362/FULL,Accessories,Dorman Smith,109.06,123
PBSC32,Dorman Smith Loadbank YB1 32 Way Service Centre PBSC32,Loadbank YB1 32 Way Service Centre,,Accessories,Dorman Smith,337.06,123
YB1N1P16TC,Dorman Smith YB1 25kA 1-pole 16A MCCB YB1N1P16TC,"Exceeds the requirements of EN 60947-2
Single-pole MCCBs have fixed thermal and magnetic overloads
Thermal overload adjusts to 1 x In, 0.8 x In and 0.63 x In
Ultimate breaking capacity: 25kA at 415V AC
Cable connection: Via cable clamps and maximum cable termination is 70mm²
Rated insulation voltage: 690V AC (Ui)
Max current rating: 16A",https://storage.electrika.com/manu/man-0160/picsprod/yb11p_1_pmkivi.jpg,MCCBs,Dorman Smith,83.01,123
YB1N1P20TC,Dorman Smith YB1 25kA 1-pole 20A MCCB YB1N1P20TC,"Exceeds the requirements of EN 60947-2
Single-pole MCCBs have fixed thermal and magnetic overloads
Thermal overload adjusts to 1 x In, 0.8 x In and 0.63 x In
Ultimate breaking capacity: 25kA at 415V AC
Cable connection: Via cable clamps and maximum cable termination is 70mm²
Rated insulation voltage: 690V AC (Ui)
Max current rating: 20A",https://storage.electrika.com/manu/man-0160/picsprod/yb11p_1_pmkivi.jpg,MCCBs,Dorman Smith,79.24,123
YB1N1P32TC,Dorman Smith YB1 25kA 1-pole 32A MCCB YB1N1P32TC,"Exceeds the requirements of EN 60947-2
Single-pole MCCBs have fixed thermal and magnetic overloads
Thermal overload adjusts to 1 x In, 0.8 x In and 0.63 x In
Ultimate breaking capacity: 25kA at 415V AC
Cable connection: Via cable clamps and maximum cable termination is 70mm²
Rated insulation voltage: 690V AC (Ui)
Max current rating: 32A
Min current rating: 20A",https://storage.electrika.com/manu/man-0160/picsprod/yb11p_1_pmkivi.jpg,MCCBs,Dorman Smith,79.24,123
YB1N1P40TC,Dorman Smith YB1 25kA 1-pole 40A MCCB YB1N1P40TC,"Exceeds the requirements of EN 60947-2
Single-pole MCCBs have fixed thermal and magnetic overloads
Thermal overload adjusts to 1 x In, 0.8 x In and 0.63 x In
Ultimate breaking capacity: 25kA at 415V AC
Cable connection: Via cable clamps and maximum cable termination is 70mm²
Rated insulation voltage: 690V AC (Ui)
Max current rating: 40A
Min current rating: 25A
",https://storage.electrika.com/manu/man-0160/picsprodmedium/yb11p_1_pmkivi.jpg,MCCBs,Dorman Smith,79.24,123
YB1N1P50TC,Dorman Smith YB1 25kA 1-pole 50A MCCB YB1N1P50TC,"Exceeds the requirements of EN 60947-2
Single-pole MCCBs have fixed thermal and magnetic overloads
Thermal overload adjusts to 1 x In, 0.8 x In and 0.63 x In
Ultimate breaking capacity: 25kA at 415V AC
Cable connection: Via cable clamps and maximum cable termination is 70mm²
Rated insulation voltage: 690V AC (Ui)
Max current rating: 50A
Min current rating: 32A",https://storage.electrika.com/manu/man-0160/picsprodmedium/yb11p_1_pmkivi.jpg,MCCBs,Dorman Smith,79.24,123
YB1N1P63TC,Dorman Smith YB1 25kA 1-pole 63A MCCB YB1N1P63TC,"Exceeds the requirements of EN 60947-2
Single-pole MCCBs have fixed thermal and magnetic overloads
Thermal overload adjusts to 1 x In, 0.8 x In and 0.63 x In
Ultimate breaking capacity: 25kA at 415V AC
Cable connection: Via cable clamps and maximum cable termination is 70mm²
Rated insulation voltage: 690V AC (Ui)
Max current rating: 63A
Min current rating: 40A
",https://storage.electrika.com/manu/man-0160/picsprod/yb11p_1_pmkivi.jpg,MCCBs,Dorman Smith,79.24,123
YB1N1P80TC,Dorman Smith YB1 25kA 1-pole 80A MCCB YB1N1P80TC,"Exceeds the requirements of EN 60947-2
Single-pole MCCBs have fixed thermal and magnetic overloads
Thermal overload adjusts to 1 x In, 0.8 x In and 0.63 x In
Ultimate breaking capacity: 25kA at 415V AC
Cable connection: Via cable clamps and maximum cable termination is 70mm²
Rated insulation voltage: 690V AC (Ui)
Max current rating: 80A
Min current rating: 50A",https://storage.electrika.com/manu/man-0160/picsprodmedium/yb11p_1_pmkivi.jpg,MCCBs,Dorman Smith,79.24,123
YB1N1P100TC,Dorman Smith YB1 25kA 1-pole 100A MCCB YB1N1P100TC,"Exceeds the requirements of EN 60947-2
Single-pole MCCBs have fixed thermal and magnetic overloads
Thermal overload adjusts to 1 x In, 0.8 x In and 0.63 x In
Ultimate breaking capacity: 25kA at 415V AC
Cable connection: Via cable clamps and maximum cable termination is 70mm²
Rated insulation voltage: 690V AC (Ui)
Max current rating: 100A
Min current rating: 63A",https://storage.electrika.com/manu/man-0160/picsprodmedium/yb11p_1_pmkivi.jpg,MCCBs,Dorman Smith,209.48,123
YB1N1P125TC,Dorman Smith YB1 25kA 1-pole 125A MCCB YB1N1P125TC,"Exceeds the requirements of EN 60947-2
Single-pole MCCBs have fixed thermal and magnetic overloads
Thermal overload adjusts to 1 x In, 0.8 x In and 0.63 x In
Ultimate breaking capacity: 25kA at 415V AC
Cable connection: Via cable clamps and maximum cable termination is 70mm²
Rated insulation voltage: 690V AC (Ui)
Max current rating: 125A
Min current rating: 80A",https://storage.electrika.com/manu/man-0160/picsprodmedium/yb11p_1_pmkivi.jpg,MCCBs,Dorman Smith,209.48,123
YB1TC3P,Dorman Smith YB1 3P Terminal Cover for Cable Clamps YB1TC3P,YB1 3P Terminal Cover for Cable Clamps,,Accessories,Dorman Smith,15.95,123
YB1N3P25TC,Dorman Smith YB1 25kA 3-pole 25A MCCB YB1N3P25TC,"Exceeds the requirements of EN 60947-2
Three-pole MCCBs have adjustable thermal and fixed magnetic overloads
Thermal overload adjusts to 1 x In, 0.8 x In and 0.63 x In
Ultimate breaking capacity: 25kA at 415V AC
Cable connection: Via cable clamps and maximum cable termination is 70mm²
Rated insulation voltage: 690V AC (Ui)
Max current rating: 25A
Min current rating: 16A",https://storage.electrika.com/manu/man-0160/picsprod/yb13p_1_pml2bw.jpg,MCCBs,Dorman Smith,18.01,123
YB1N3P32TC,Dorman Smith YB1 25kA 3-pole 32A MCCB YB1N3P32TC,"Exceeds the requirements of EN 60947-2
Three-pole MCCBs have adjustable thermal and fixed magnetic overloads
Thermal overload adjusts to 1 x In, 0.8 x In and 0.63 x In
Ultimate breaking capacity: 25kA at 415V AC
Cable connection: Via cable clamps and maximum cable termination is 70mm²
Rated insulation voltage: 690V AC (Ui)
Max current rating: 32A
Min current rating: 20A",https://storage.electrika.com/manu/man-0160/picsprod/yb13p_1_pml2bw.jpg,MCCBs,Dorman Smith,124.44,123
YB1N3P40TC,Dorman Smith YB1 25kA 3-pole 40A MCCB YB1N3P40TC,"Exceeds the requirements of EN 60947-2
Three-pole MCCBs have adjustable thermal and fixed magnetic overloads
Thermal overload adjusts to 1 x In, 0.8 x In and 0.63 x In
Ultimate breaking capacity: 25kA at 415V AC
Cable connection: Via cable clamps and maximum cable termination is 70mm²
Rated insulation voltage: 690V AC (Ui)
Max current rating: 40A
Min current rating: 25A",https://storage.electrika.com/manu/man-0160/picsprod/yb13p_1_pml2bw.jpg,MCCBs,Dorman Smith,124.44,123
YB1N3P63TC,Dorman Smith YB1 25kA 3-pole 63A MCCB YB1N3P63TC,"Exceeds the requirements of EN 60947-2
Three-pole MCCBs have adjustable thermal and fixed magnetic overloads
Thermal overload adjusts to 1 x In, 0.8 x In and 0.63 x In
Ultimate breaking capacity: 25kA at 415V AC
Cable connection: Via cable clamps and maximum cable termination is 70mm²
Rated insulation voltage: 690V AC (Ui)
Max current rating: 63A
Min current rating: 40A",https://storage.electrika.com/manu/man-0160/picsprodmedium/yb13p_1_pml2bw.jpg,MCCBs,Dorman Smith,146.05,123
YB1N3P80TC,Dorman Smith YB1 25kA 3-pole 80A MCCB YB1N3P80TC,"Exceeds the requirements of EN 60947-2
Three-pole MCCBs have adjustable thermal and fixed magnetic overloads
Thermal overload adjusts to 1 x In, 0.8 x In and 0.63 x In
Ultimate breaking capacity: 25kA at 415V AC
Cable connection: Via cable clamps and maximum cable termination is 70mm²
Rated insulation voltage: 690V AC (Ui)
Max current rating: 80A
Min current rating: 50A",https://storage.electrika.com/manu/man-0160/picsprodmedium/yb13p_1_pml2bw.jpg,MCCBs,Dorman Smith,146.05,123
YB1N3P100TC,Dorman Smith YB1 25kA 3-pole 100A MCCB YB1N3P100TC,"Exceeds the requirements of EN 60947-2
Three-pole MCCBs have adjustable thermal and fixed magnetic overloads
Thermal overload adjusts to 1 x In, 0.8 x In and 0.63 x In
Ultimate breaking capacity: 25kA at 415V AC
Cable connection: Via cable clamps and maximum cable termination is 70mm²
Rated insulation voltage: 690V AC (Ui)
Max current rating: 100A
Min current rating: 63A
",https://storage.electrika.com/manu/man-0160/picsprodmedium/yb13p_1_pml2bw.jpg,MCCBs,Dorman Smith,79.24,123
YB1N3P125TC,Dorman Smith YB1 25kA 3-pole 125A MCCB YB1N3P125TC,"Exceeds the requirements of EN 60947-2
Three-pole MCCBs have adjustable thermal and fixed magnetic overloads
Thermal overload adjusts to 1 x In, 0.8 x In and 0.63 x In
Ultimate breaking capacity: 25kA at 415V AC
Cable connection: Via cable clamps and maximum cable termination is 70mm²
Rated insulation voltage: 690V AC (Ui)
Max current rating: 125A
Min current rating: 80A",https://storage.electrika.com/manu/man-0160/picsprodmedium/yb13p_1_pml2bw.jpg,MCCBs,Dorman Smith,79.24,123
YB1N3P160TC,Dorman Smith YB1 25kA 3-pole 160A MCCB YB1N3P160TC,"Exceeds the requirements of EN 60947-2
Three-pole MCCBs have adjustable thermal and fixed magnetic overloads
Thermal overload adjusts to 1 x In, 0.8 x In and 0.63 x In
Ultimate breaking capacity: 25kA at 415V AC
Cable connection: Via cable clamps and maximum cable termination is 70mm²
Rated insulation voltage: 690V AC (Ui)
Max current rating: 160A
Min current rating: 100A",https://storage.electrika.com/manu/man-0160/picsprodmedium/yb13p_1_pml2bw.jpg,MCCBs,Dorman Smith,146.05,123
,,,,,,,
,,,,,,,
,,,,,,,
,,,,,,,
,,,,,,,
,,,,,,,
,,,,,,,
,,,,,,,
,,,,,,,
,,,,,,,
,,,,,,,
,,,,,,,
,,,,,,,
,,,,,,,
,,,,,,,
,,,,,,,
,,,,,,,
,,,,,,,
,,,,,,,
,,,,,,,
,,,,,,,
,,,,,,,
,,,,,,,
,,,,,,,
,,,,,,,
,,,,,,,
