SKU,Title,Description,Price,Category,Stock,Brand
ZG20-RED,Europa Interfacing Relay ZG20-RED,"LED indicator, Relay eject mechanism, 6mm wide din rail mounting",5.106,Relays,100,Europa Components
ZG20-BLACK,Europa Interfacing Relay ZG20-BLACK,"LED indicator, Relay eject mechanism, 6mm wide din rail mounting",5.106,Relays,100,Europa Components
TR2-D18321,Europa Contactor Overloads for TC1 & TP1 TR2-D18321,Overload Relays do not fit on TC1 Contactors with 2N/O + 2N/C main pole contacts,35.9835,Contactors,100,Europa Components
TR2-D12316,Europa Contactor Overloads for TC1 & TP1 TR2-D12316,Overload Relays do not fit on TC1 Contactors with 2N/O + 2N/C main pole contacts,29.8655,Contactors,100,Europa Components
TR2-D09310,Europa Contactor Overloads for TC1 & TP1 TR2-D09310,Overload Relays do not fit on TC1 Contactors with 2N/O + 2N/C main pole contacts,28.1175,Contactors,100,Europa Components
TR2-D09307,Europa Contactor Overloads for TC1 & TP1 TR2-D09307,Overload Relays do not fit on TC1 Contactors with 2N/O + 2N/C main pole contacts,28.1175,Contactors,100,Europa Components
TC1-D6511P7,Europa TC1 37kW 65A AC3 (80A AC1) 3 Pole Contactors TC1-D6511P7,"Made in India, Maximum rated operational voltage 690V",128.7885,Contactors,100,Europa Components
TC1-D65004P7,Europa TC1 37kW 65A AC3 (80A AC1) 4 Pole Contactors TC1-D65004P7,"Made in India, Maximum rated operational voltage 690V",200.836,Contactors,100,Europa Components
TC1-D40004P7,Europa TC1 22kW 40A AC3 (60A AC1) 4 Pole Contactors TC1-D40004P7,"Made in India, Maximum rated operational voltage 690V",121.0835,Contactors,100,Europa Components
TC1-D3201P7,Europa TC1 15kW 32A AC3 (50A AC1) 3 Pole Contactors TC1-D3201P7,"Made in India, Maximum rated operational voltage 690V",56.9135,Contactors,100,Europa Components
TC1-D2510P7,Europa TC1 11kW 25A AC3 (40A AC1) 3 Pole Contactors TC1-D2510P7,"Made in India, Maximum rated operational voltage 690V",39.813,Contactors,100,Europa Components
TC1-D1210P7,Europa TC1 5.5kW 12A AC3 (25A AC1) 3 Pole Contactors TC1-D1210P7,"Made in India, Maximum rated operational voltage 690V",23.3795,Contactors,100,Europa Components
TA1-DN20,Europa Front Mounting Auxiliary Contact Block TA1-DN20,"Rated Thermal Current 10A, Suitable for use with TC1-D, TP1-D & F range Contactors (adding 33mm to the depth of the TC1-D & TP1-D range).",8.1075,Contactors,100,Europa Components
TA1-DN20,Europa Front Mounting Auxiliary Contact Block TA1-DN20,"Rated Thermal Current 10A, Suitable for use with TC1-D, TP1-D & F range Contactors (adding 33mm to the depth of the TC1-D & TP1-D range).",8.1075,Contactors,100,Europa Components
T081347,Europa MCCB Spread Terminal Covers T081347,E250 MCCB Extension Bars and IP2X Terminal Covers. Extension bars are terminal extensions and are used to connect large conductors and multiple conductors.,41.5362,Switchgear & Distribution,100,Europa Components
T080463,Europa CBR Straight Terminal Covers T080463,E250 MCCB Extension Bars and IP2X Terminal Covers. Extension bars are terminal extensions and are used to connect large conductors and multiple conductors.,31.4796,Switchgear & Distribution,100,Europa Components
T080432,Europa CBR Straight Terminal Covers T080432,E250 MCCB Extension Bars and IP2X Terminal Covers. Extension bars are terminal extensions and are used to connect large conductors and multiple conductors.,29.2485,Switchgear & Distribution,100,Europa Components
T065316,Europa MCCB Straight Terminal Covers T065316,E250 MCCB Extension Bars and IP2X Terminal Covers. Extension bars are terminal extensions and are used to connect large conductors and multiple conductors.,31.413,Switchgear & Distribution,100,Europa Components
T065255,Europa MCCB Straight Terminal Covers T065255,E250 MCCB Extension Bars and IP2X Terminal Covers. Extension bars are terminal extensions and are used to connect large conductors and multiple conductors.,29.2263,Switchgear & Distribution,100,Europa Components
STBDR2MP,Europa Plain Top Hat Din Rail STBDR2MP,,64.7574,Enclosures & Accessories,100,Europa Components
SMP-60-24,Europa Switch Mode Power Supplies SMP-60-24,"85 - 264V AC / 120 - 370V DC , Multiple input voltage range, Fully protected against overload and over voltage, Din rail mount, High load stability, Adjustable DC output + / - 10%, LED indication for power on",50.3607,Power Supplies,100,Europa Components
SLA232,Europa Solid Link SLA232,,2.7528,Fuses,100,Europa Components
SISW325N,Europa IP67 Weatherproof Switched Interlocked Sockets SISW325N,"IP67 rated polycarbonate enclosure, 3 x M25 + 1 x M32 cable entries, 3 x M25 blanking plugs + 1 x M32 cable gland included, Quick turn screws reduces installation time, Padlockable in the OFF position",88.1784,Interlocked Sockets,100,Europa Components
SISW324N,Europa IP67 Weatherproof Switched Interlocked Sockets SISW324N,"IP67 rated polycarbonate enclosure, 3 x M25 + 1 x M32 cable entries, 3 x M25 blanking plugs + 1 x M32 cable gland included, Quick turn screws reduces installation time, Padlockable in the OFF position",81.8847,Interlocked Sockets,100,Europa Components
SISRAW325V,"Europa IP65/IP67 Interlocked Switch Sockets (RCCB Protected, Type A) SISRAW325V","IP65, 2 pole 25A Type A 30mA RCD pre-fitted, self-extinguishing & shock resistant thermoplastic, 4 cable inlets: M25 / M32 top, bottom & side entry, Inox screws resist chemical agents, Accepts IP67 plugs, Compact size, Includes spirit level ",283.5105,Interlocked Sockets,100,Europa Components
SISRAW165V,"Europa IP65/IP67 Interlocked Switch Sockets (RCCB Protected, Type A) SISRAW165V","IP65, 2 pole 25A Type A 30mA RCD pre-fitted, self-extinguishing & shock resistant thermoplastic, 4 cable inlets: M25 / M32 top, bottom & side entry, Inox screws resist chemical agents, Accepts IP67 plugs, Compact size, Includes spirit level ",255.15,Interlocked Sockets,100,Europa Components
SISRAW164V,"Europa IP65/IP67 Interlocked Switch Sockets (RCCB Protected, Type A) SISRAW164V","IP65, 2 pole 25A Type A 30mA RCD pre-fitted, self-extinguishing & shock resistant thermoplastic, 4 cable inlets: M25 / M32 top, bottom & side entry, Inox screws resist chemical agents, Accepts IP67 plugs, Compact size, Includes spirit level ",251.517,Interlocked Sockets,100,Europa Components
RCD13AMCA,Europa 13A RCD Sockets RCD13AMCA,,50.032,Interlocked Sockets,100,Europa Components
RCAS-SWK2,Europa Metal Key Operated Selector Switches (IP65) RCAS-SWK2,IP65 rated when installed,10.2925,"Push Buttons, Key Switches & Pilot Lights",100,Europa Components
RCAS-SW3,Europa Metal Standard Handle Selector Switches + Collar (IP65) RCAS-SW3,IP65 rated when installed,8.0385,"Push Buttons, Key Switches & Pilot Lights",100,Europa Components
RCAS-SW2,Europa Metal Standard Handle Selector Switches + Collar (IP65) RCAS-SW2,IP65 rated when installed,7.4635,"Push Buttons, Key Switches & Pilot Lights",100,Europa Components
RCAS-PBP3,Europa Metal Projecting Push Button + Collar (IP65) RCAS-PBP3,IP65 rated when installed,3.6225,"Push Buttons, Key Switches & Pilot Lights",100,Europa Components
RCAS-PBF5,Europa Metal Flush Push Button Head + Collar (IP65) RCAS-PBF5,IP65 Rated when Installed,3.1395,"Push Buttons, Key Switches & Pilot Lights",100,Europa Components
RCAS-PBF3,Europa Metal Flush Push Button Head + Collar (IP65) RCAS-PBF3,IP65 Rated when Installed,3.1395,"Push Buttons, Key Switches & Pilot Lights",100,Europa Components
RCAS-PBF2,Europa Metal Flush Push Button Head + Collar (IP65) RCAS-PBF2,IP65 Rated when Installed,3.1395,"Push Buttons, Key Switches & Pilot Lights",100,Europa Components
RCAS-ES564,Europa Metal Emergency Stop Buttons + Collar (Latching) (IP65) RCAS-ES564,"IP65 Rated when Installed, 60mm Mushroom Head",14.6395,"Push Buttons, Key Switches & Pilot Lights",100,Europa Components
RCAS-ES542,Europa Metal Emergency Stop Buttons + Collar (Latching) (IP65) RCAS-ES542,"IP65 rated when installed, 40mm mushroom head",9.4645,"Push Buttons, Key Switches & Pilot Lights",100,Europa Components
RCAS-ES54,Europa Metal Emergency Stop Buttons + Collar (Latching) (IP65) RCAS-ES54,"IP65 rated when installed, 40mm mushroom head",6.8655,"Push Buttons, Key Switches & Pilot Lights",100,Europa Components
RCAS-BG7,Europa Metal Key Operated Selector Switches (IP65) RCAS-BG7,IP65 rated when installed,10.6605,"Push Buttons, Key Switches & Pilot Lights",100,Europa Components
RC-3M,Europa Metal Empty Control Stations (IP65) RC-3M,"IP65 rated when installed, Cable entry top & bottom, H:134 x W:68 x D:51mm",29.233,"Push Buttons, Key Switches & Pilot Lights",100,Europa Components
RC2PGR,Europa 2 Position Plastic Control Station (IP65) RC2PGR,IP65 rated when installed,21.9765,"Push Buttons, Key Switches & Pilot Lights",100,Europa Components
RC-2M,Europa Metal Empty Control Stations (IP65) RC-2M,"IP65 rated when installed, Cable entry top & bottom, H:104  x W:68 x D:51mm",26.657,"Push Buttons, Key Switches & Pilot Lights",100,Europa Components
RB2-PY9330,Europa Accessories for 22.5mm Push Buttons RB2-PY9330,"Suitable for use with all 22mm diameter Push Buttons, Key Switches & Pilot Lights",2.047,"Push Buttons, Key Switches & Pilot Lights",100,Europa Components
RAS-PB133,Europa Illuminated Flush Push-Button Head Only (IP65) RAS-PB133,"IP65 rated when installed, Collar is supplied with the lamp holder ",2.9785,"Push Buttons, Key Switches & Pilot Lights",100,Europa Components
RAS-LP06,Europa Lamp Head Only 22.5 mm RAS-LP06,Collar is supplied with the lamp holder ,2.392,"Push Buttons, Key Switches & Pilot Lights",100,Europa Components
RAS-LP05,Europa Lamp Head Only 22.5 mm RAS-LP05,Collar is supplied with the lamp holder ,2.392,"Push Buttons, Key Switches & Pilot Lights",100,Europa Components
RAS-CBNC,Europa Auxiliary Contact Blocks RAS-CBNC,IP65 rated when installed ,2.461,"Push Buttons, Key Switches & Pilot Lights",100,Europa Components
RAS-BCBNC,Europa Auxiliary Contact Blocks RAS-BCBNC,"IP65 rated when installed, Rated up to 240V at 10A",2.461,"Push Buttons, Key Switches & Pilot Lights",100,Europa Components
RAP2-BD3,Europa Plastic Weatherproof Stay Put Selector Switches + Mounting Clip (IP67) RAP2-BD3,"IP67 Rated when installed, Mounting clip included",7.4175,"Push Buttons, Key Switches & Pilot Lights",100,Europa Components
RADT225P,Europa 22mm LED With Lamp Test Facility (IP65) RADT225P,"IP65, Multi segment , Long life: 30,000 hours , Low temperature, 24V & 110V AC/DC , 230V AC , Complete with locking nut, Current rating 20mA",5.5545,"Push Buttons, Key Switches & Pilot Lights",100,Europa Components
RADT221P,Europa 22mm LED With Lamp Test Facility (IP65) RADT221P,"IP65, Multi segment , Long life: 30,000 hours , Low temperature, 24V & 110V AC/DC , 230V AC , Complete with locking nut, Current rating 20mA",5.5545,"Push Buttons, Key Switches & Pilot Lights",100,Europa Components
RAD226P,Europa 22mm LED Pilot Lamps (IP65) RAD226P,"IP65, Multi segment , Long life: 30,000 hours , Low temperature, 24V & 110V AC/DC , 230V AC , Complete with locking nut, Current rating 20mA",2.806,"Push Buttons, Key Switches & Pilot Lights",100,Europa Components
RAD225P,Europa 22mm LED Pilot Lamps (IP65) RAD225P,"IP65, Multi segment , Long life: 30,000 hours , Low temperature, 24V & 110V AC/DC , 230V AC , Complete with locking nut, Current rating 20mA",2.806,"Push Buttons, Key Switches & Pilot Lights",100,Europa Components
RAD225F,Europa 22mm LED Pilot Lamps (IP65) RAD225F,"IP65, Multi segment , Long life: 30,000 hours , Low temperature, 24V & 110V AC/DC , 230V AC , Complete with locking nut, Current rating 20mA",2.806,"Push Buttons, Key Switches & Pilot Lights",100,Europa Components
RAD225B,Europa 22mm LED Pilot Lamps (IP65) RAD225B,"IP65, Multi segment , Long life: 30,000 hours , Low temperature, 24V & 110V AC/DC , 230V AC , Complete with locking nut, Current rating 20mA",2.806,"Push Buttons, Key Switches & Pilot Lights",100,Europa Components
RAD224F,Europa 22mm LED Pilot Lamps (IP65) RAD224F,"IP65, Multi segment , Long life: 30,000 hours , Low temperature, 24V & 110V AC/DC , 230V AC , Complete with locking nut, Current rating 20mA",2.806,"Push Buttons, Key Switches & Pilot Lights",100,Europa Components
RAD223P,Europa 22mm LED Pilot Lamps (IP65) RAD223P,"IP65, Multi segment , Long life: 30,000 hours , Low temperature, 24V & 110V AC/DC , 230V AC , Complete with locking nut, Current rating 20mA",2.806,"Push Buttons, Key Switches & Pilot Lights",100,Europa Components
RAD221P,Europa 22mm LED Pilot Lamps (IP65) RAD221P,"IP65, Multi segment , Long life: 30,000 hours , Low temperature, 24V & 110V AC/DC , 230V AC , Complete with locking nut, Current rating 20mA",2.806,"Push Buttons, Key Switches & Pilot Lights",100,Europa Components
PIR6W-1P-230VAC,Europa Interfacing Relay PIR6W-1P-230VAC,"LED indicator, Relay eject mechanism, 6mm wide din rail mounting",18.4704,Relays,100,Europa Components
PB5322413,Europa IP67 Insulated Adaptable Boxes PB5322413,"IP67 IK10, ABS Box, Quick turn screws , Hinged lid, Mounting plate to be ordered separately",35.2314,Enclosures & Accessories,100,Europa Components
PB5201514,Europa IP67 Insulated Adaptable Boxes PB5201514,"IP67 IK10, ABS Box, Quick turn screws , Hinged lid, Mounting plate to be ordered separately",26.5734,Enclosures & Accessories,100,Europa Components
MS-SDS11N7MC,Europa Metal Clad Compact Star Delta Starters (IP54) MS-SDS11N7MC,"IP54 , Cover: RAL 7035 / Base: RAL 7012, Overload Relays must be ordered separately , H:240 x W:310 x D:165mm",380.0635,Starters,100,Europa Components
MES50,Europa MES MES50,"Rated at 415V 80kA, 69 x 17.5mm",12.5652,Fuses,100,Europa Components
MECU18SP17/80,Europa Metal Clad Consumer Unit (IP40) MECU18SP17/80,"IP40, Earth & neutral terminal bars included, Lift up stay put lid, Top & bottom round knockouts: 4 x 20mm + 1 x 25mm, Large enclosure for easy wiring (Busbar sold separately), H:240 x W:340 x D:105mm",#N/A,Enclosures & Accessories,100,Europa Components
MEC4T,Europa Metal Clad Modular Enclosures (IP40) MEC4T,"IP40, Suitable for consumer unit tails (Cable), H:190 x W:115 x D:61mm (88mm inc lid)",31.5905,Enclosures & Accessories,100,Europa Components
M20DW,Europa IP65 Metric Cable Glands M20DW,"IP68 rated when used with neoprene washer (sold separately), Manufactured from nylon, Low smoke, Halogen free, Locking nut included, Dynamic state -20°C to +80°C, intermittent to +100°C",5.87,Cables,100,Europa Components
LX9-FGU,Europa AC Coils for LC1 Contactors LX9-FGU,50Hz / 60Hz available on request,111.642,Contactors,100,Europa Components
LX9-FFU,Europa AC Coils for LC1 Contactors LX9-FFU,50Hz / 60Hz available on request,78.913,Contactors,100,Europa Components
LX1-FHF,Europa AC Coils for LC1 Contactors LX1-FHF,50Hz / 60Hz available on request,121.739,Contactors,100,Europa Components
LP4XMV/2RED,Europa Low Profile Xenon Beacons LP4XMV/2RED,"IP67 (When installed) , H:95mm / W:76mm, Flash rate 75 per min",43.4343,"Push Buttons, Key Switches & Pilot Lights",100,Europa Components
LP4XMV/2,Europa Low Profile Xenon Beacons LP4XMV/2,"IP67 (When installed) , H:95mm / W:76mm, Flash rate 75 per min",43.4343,"Push Buttons, Key Switches & Pilot Lights",100,Europa Components
LE1-D123N7,Europa ABS Enclosed 2 Button DOL (IP65) LE1-D123N7,"Overload Relays must be ordered separately , H:150 x W:88 x D:120mm",56.465,Starters,100,Europa Components
LC1-F1854A-A65,Europa 4 Pole / 4 Normally Open Contactors LC1-F1854A-A65,"Made in China, Maximum rated operational voltage 690V, Supplied with incoming and outgoing shrouds, Coil to be ordered separately",963.608,Contactors,100,Europa Components
LC1-F1154A-A65,Europa 4 Pole / 4 Normally Open Contactors LC1-F1154A-A65,"Made in China, Maximum rated operational voltage 690V, Supplied with incoming and outgoing shrouds, Coil to be ordered separately",497.1795,Contactors,100,Europa Components
LBTS230,Europa Terminal Shrouds for Safe Switch Range LBTS230,"To provide IP20 terminal protection on the input and output terminals, Transparent terminal shrouds to assist in maintenance and inspection",14.952,Enclosures & Accessories,100,Europa Components
LBTS140,Europa Terminal Shrouds for Safe Switch Range LBTS140,"To provide IP20 terminal protection on the input and output terminals, Transparent terminal shrouds to assist in maintenance and inspection",24.5385,Enclosures & Accessories,100,Europa Components
LBTS130,Europa Terminal Shrouds for Safe Switch Range LBTS130,"To provide IP20 terminal protection on the input and output terminals, Transparent terminal shrouds to assist in maintenance and inspection",49.791,Enclosures & Accessories,100,Europa Components
LBTS070,Europa Terminal Shrouds for Safe Switch Range LBTS070,"To provide IP20 terminal protection on the input and output terminals, Transparent terminal shrouds to assist in maintenance and inspection",24.8325,Enclosures & Accessories,100,Europa Components
LBTS040,Europa Terminal Shrouds for Safe Switch Range LBTS040,"To provide IP20 terminal protection on the input and output terminals, Transparent terminal shrouds to assist in maintenance and inspection",16.338,Enclosures & Accessories,100,Europa Components
LBPM1003P,Europa Panel Mount Switch-Disconnector LBPM1003P,"IEC & EN 60947-3, Padlockable in the OFF position for added security (For up to 3 padlocks), Use rubber gasket (LBGASKET)  for IP65 rating - Sold separately, AC-22 switch ratings",44.2656,Switch Disconnectors,100,Europa Components
LBNLTS250A,Europa Neutral Link Terminal Shrouds for Safe Switch Range LBNLTS250A,"Neutral link terminal shrouds, Material: Polyamide 6, Flammability: UL94-VO, IP Rating: Neutral link plus shroud IP2X",25.074,Switchgear & Distribution,100,Europa Components
LBGASKET,Europa Rubber Gasket LBGASKET,For use with panel mount & door interlock devices to improve ingress protection rating to IP65 on OEM installations,2.014,Switchgear & Distribution,100,Europa Components
LBFD8003PSN,Europa 3 Pole + Sw. Neutral Door Interlocked BS88 Switch Fuses LBFD8003PSN,,1857.807,Enclosures & Accessories,100,Europa Components
LBFD2003PSN,Europa 3 Pole + Sw. Neutral Door Interlocked BS88 Switch Fuses LBFD2003PSN,"Handle padlockable in the OFF position, Handle with defeat mechanism, Fuses fully isolated (Top & bottom) for safe replacement, Fuse covers fitted, Supplied with IP65 door handle and shaft, Lug terminals, Terminal shrouds sold separately",625.002,Enclosures & Accessories,100,Europa Components
LBFD1603PSN,Europa 3 Pole + Sw. Neutral Door Interlocked BS88 Switch Fuses LBFD1603PSN,"Handle padlockable in the OFF position, Handle with defeat mechanism, Fuses fully isolated (Top & bottom) for safe replacement, Fuse covers fitted, Supplied with IP65 door handle and shaft, Lug terminals, Terminal shrouds sold separately",614.649,Enclosures & Accessories,100,Europa Components
LBF1253PSNME,Europa 3 Pole + Sw. Neutral Metal Enclosed BS88 Switch Fuses (IP65) LBF1253PSNME,"IP65, RAL 7035, Handle padlockable in the OFF position, 3 position switch (centre OFF), Switched neutral contact (early make/late break), Top & bottom gland plates, Door interlock with defeat mechanism, Lug terminals, H:500 x W:400 x D:200mm",734.265,Enclosures & Accessories,100,Europa Components
LBES020,Europa Extended Shaft for Safe Switch Range LBES020,"Specially designed for use with the Safe Switch range of door interlocked switch-disconnector, BS88 switch fuse and changeover  switches., These extended shafts assist the installation of the switches into deep enclosures and panel boards.",18.1965,Enclosures & Accessories,100,Europa Components
LBES010,Europa Extended Shaft for Safe Switch Range LBES010,"Specially designed for use with the Safe Switch range of door interlocked switch-disconnector, BS88 switch fuse and changeover  switches., These extended shafts assist the installation of the switches into deep enclosures and panel boards.",16.4535,Enclosures & Accessories,100,Europa Components
LBDI806P,Europa 6 Pole Door Interlock with Metal Shaft LBDI806P,"Padlockable in the OFF position, Rear mount or snap on din rail mount (35mm), Shaft Length 94mm, Shaft 8mm across flats (Hexagonal), Use rubber gasket (LBGASKET)  for IP65 rating, AC-22 switch rating, Shaft can be cut down",100.011,Panel Isolator,100,Europa Components
LBDI636P,Europa 6 Pole Door Interlock with Metal Shaft LBDI636P,"Padlockable in the OFF position, Rear mount or snap on din rail mount (35mm), Shaft Length 94mm, Shaft 8mm across flats (Hexagonal), Use rubber gasket (LBGASKET)  for IP65 rating, AC-22 switch rating, Shaft can be cut down",68.6138,Panel Isolator,100,Europa Components
LBDI633P,Europa 3 Pole Door Interlock with Metal Shaft LBDI633P,"Padlockable in the OFF position, Rear mount or snap on din rail mount (35mm), Shaft Length 282mm, Shaft 8mm across flats (Hexagonal) / length 282mm, Use rubber gasket (LBGASKET)  for IP65 rating, AC-22 switch rating, Shaft can be cut down",37.3226,Panel Isolator,100,Europa Components
LBDI403P,Europa 3 Pole Door Interlock with Metal Shaft LBDI403P,"Padlockable in the OFF position, Rear mount or snap on din rail mount (35mm), Shaft Length 282mm, Shaft 8mm across flats (Hexagonal) / length 282mm, Use rubber gasket (LBGASKET)  for IP65 rating, AC-22 switch rating, Shaft can be cut down",32.3406,Panel Isolator,100,Europa Components
LBDI326P,Europa 6 Pole Door Interlock with Metal Shaft LBDI326P,"Padlockable in the OFF position, Rear mount or snap on din rail mount (35mm), Shaft Length 94mm, Shaft 8mm across flats (Hexagonal), Use rubber gasket (LBGASKET)  for IP65 rating, AC-22 switch rating, Shaft can be cut down",61.5012,Panel Isolator,100,Europa Components
LBDI323P,Europa 3 Pole Door Interlock with Metal Shaft LBDI323P,"Padlockable in the OFF position, Rear mount or snap on din rail mount (35mm), Shaft Length 282mm, Shaft 8mm across flats (Hexagonal) / length 282mm, Use rubber gasket (LBGASKET)  for IP65 rating, AC-22 switch rating, Shaft can be cut down",29.1394,Panel Isolator,100,Europa Components
LBDI256P,Europa 6 Pole Door Interlock with Metal Shaft LBDI256P,"Padlockable in the OFF position, Rear mount or snap on din rail mount (35mm), Shaft Length 94mm, Shaft 8mm across flats (Hexagonal), Use rubber gasket (LBGASKET)  for IP65 rating, AC-22 switch rating, Shaft can be cut down",55.4592,Panel Isolator,100,Europa Components
LBDI253P,Europa 3 Pole Door Interlock with Metal Shaft LBDI253P,"Padlockable in the OFF position, Rear mount or snap on din rail mount (35mm), Shaft Length 282mm, Shaft 8mm across flats (Hexagonal) / length 282mm, Use rubber gasket (LBGASKET)  for IP65 rating, AC-22 switch rating, Shaft can be cut down",24.3164,Panel Isolator,100,Europa Components
LBDI1253P,Europa 3 Pole Door Interlock with Metal Shaft LBDI1253P,"Padlockable in the OFF position, Rear mount or snap on din rail mount (35mm), Shaft Length 282mm, Shaft 8mm across flats (Hexagonal) / length 282mm, Use rubber gasket (LBGASKET)  for IP65 rating, AC-22 switch rating, Shaft can be cut down",59.2116,Panel Isolator,100,Europa Components
LBDI1003P,Europa 3 Pole Door Interlock with Metal Shaft LBDI1003P,"Padlockable in the OFF position, Rear mount or snap on din rail mount (35mm), Shaft Length 282mm, Shaft 8mm across flats (Hexagonal) / length 282mm, Use rubber gasket (LBGASKET)  for IP65 rating, AC-22 switch rating, Shaft can be cut down",51.6326,Panel Isolator,100,Europa Components
LBD8003PSN,Europa 3 Pole + Sw. Neutral Door Interlocked Switch-Disconnectors LBD8003PSN,"EN 60947-3, Supplied with IP56 door handle and saft, Handle padlockable in the OFF position (up to 3 padlocks), Handle with defeat mechanism (for authorised personnel only), Terminal shrouds sold seperately, All AC ratings 400V (415V), Lug Terminals",868.8645,Panel Isolator,100,Europa Components
LBD6303P,Europa 3 Pole Door Interlocked Switch-Disconnectors LBD6303P,"EN 60947-3, Supplied with IP65 door handle and shaft, Handle padlockable in the OFF position for up to 3 padlocks, Handle with defeat mechanism (for authorised personnel only) , Terminal shrouds sold separately, All AC ratings 400V (415V), Lug Terminals",491.379,Panel Isolator,100,Europa Components
LBD2503P,Europa 3 Pole Door Interlocked Switch-Disconnectors LBD2503P,"EN 60947-3, Supplied with IP65 door handle and shaft, Handle padlockable in the OFF position for up to 3 padlocks, Handle with defeat mechanism (for authorised personnel only) , Terminal shrouds sold separately, All AC ratings 400V (415V), Lug Terminals",216.174,Panel Isolator,100,Europa Components
LBD10003PSN,Europa 3 Pole + Sw. Neutral Door Interlocked Switch-Disconnectors LBD10003PSN,"EN 60947-3, Supplied with IP56 door handle and saft, Handle padlockable in the OFF position (up to 3 padlocks), Handle with defeat mechanism (for authorised personnel only), Terminal shrouds sold seperately, All AC ratings 400V (415V), Lug Terminals",1470.945,Panel Isolator,100,Europa Components
LBCD8003PSN,Europa 3 Pole + Sw. Neutral Door Interlocked Changeover Switches LBCD8003PSN,"C/w IP65 door handle and shaft, Handle padlockable in the OFF position, Handle with defeat mechanism, Neutral switch contact early make / late break, Terminal shrouds supplied separately, Break before make 3 position switch - centre OFF, Lug terminals",1917.489,Panel Isolator,100,Europa Components
LBCD6303PSN,Europa 3 Pole + Sw. Neutral Door Interlocked Changeover Switches LBCD6303PSN,"C/w IP65 door handle and shaft, Handle padlockable in the OFF position, Handle with defeat mechanism, Neutral switch contact early make / late break, Terminal shrouds supplied separately, Break before make 3 position switch - centre OFF, Lug terminals",1410.969,Panel Isolator,100,Europa Components
LBCD4003PSN,Europa 3 Pole + Sw. Neutral Door Interlocked Changeover Switches LBCD4003PSN,"C/w IP65 door handle and shaft, Handle padlockable in the OFF position, Handle with defeat mechanism, Neutral switch contact early make / late break, Terminal shrouds supplied separately, Break before make 3 position switch - centre OFF, Lug terminals",971.901,Panel Isolator,100,Europa Components
LBCD3153PSN,Europa 3 Pole + Sw. Neutral Door Interlocked Changeover Switches LBCD3153PSN,"C/w IP65 door handle and shaft, Handle padlockable in the OFF position, Handle with defeat mechanism, Neutral switch contact early make / late break, Terminal shrouds supplied separately, Break before make 3 position switch - centre OFF, Lug terminals",859.719,Panel Isolator,100,Europa Components
LBCD2503PSN,Europa 3 Pole + Sw. Neutral Door Interlocked Changeover Switches LBCD2503PSN,"C/w IP65 door handle and shaft, Handle padlockable in the OFF position, Handle with defeat mechanism, Neutral switch contact early make / late break, Terminal shrouds supplied separately, Break before make 3 position switch - centre OFF, Lug terminals",748.7865,Panel Isolator,100,Europa Components
LBAC16RM2NO,Europa Volt Free Contact LBAC16RM2NO,"IEC & EN60947-3, Rear mount for door interlocked & enclosed switch-disconnectors, Volt free contacts rated at AC-15 6A 230V / 4A 415V, Maximum terminal capacity 1.5mm2",8.2044,Panel Isolator,100,Europa Components
LBAC16RM,Europa Volt Free Contact LBAC16RM,"IEC & EN60947-3, Rear mount for door interlocked & enclosed switch-disconnectors, Volt free contacts rated at AC-15 6A 230V / 4A 415V, Maximum terminal capacity 1.5mm2",8.2044,Panel Isolator,100,Europa Components
LBAC040,Europa Auxiliary Contacts for Safe Switch Range LBAC040,"Complete with fixings, 16A resistive loads, 4A inductive loads at 240V AC",48.321,Panel Isolator,100,Europa Components
LBAC030,Europa Auxiliary Contacts for Safe Switch Range LBAC030,"Complete with fixings, 16A resistive loads, 4A inductive loads at 240V AC",18.5955,Panel Isolator,100,Europa Components
LBAC020,Europa Auxiliary Contacts for Safe Switch Range LBAC020,"Complete with fixings, 16A resistive loads, 4A inductive loads at 240V AC",42.651,Panel Isolator,100,Europa Components
LB636P,Europa 6 Pole Steel Enclosed Switch-Disconnectors (IP65) LB636P,"IP65, IEC & EN 60947-3, Padlockable in the OFF position for added security (For up to 3 padlocks), Epoxy powder coated steel RAL 7035, 63A upwards bottom gland plate only, All switch ratings at AC-22 - See page  for technical data, H:400 x W:300 x D:200mm",168.3386,Switch Disconnectors,100,Europa Components
LB634P,Europa 4 Pole Switch Disconnector (IP65) LB634P,"IP65, 25mm cable entries, Robust polycarbonate enclosure, UV resistant, Enclosure glow wire flammability rating 960°C, Halogen free, Lower smoke generation, Padlockable in the OFF position, AC-21 Switch Rating, H:175 x W:125 x D:90mm",33.6515,Switch Disconnectors,100,Europa Components
LB324PBB,Europa 4 Pole Larger Enclosured Switch-Disconnector (IP65) LB324PBB,"IP65, 25mm cable entries, Robust resilient polycarbonate enclosure, UV resistant, Enclosure glow wire flammability rating 960°C, Padlockable in the OFF position for added security, AC-21 Switch Rating, H:175 x W:125 x D:90mm",33.4589,Switch Disconnectors,100,Europa Components
LB324P,Europa 4 Pole Enclosed Switch-Disconnectors (IP65) LB324P,"IP65, 20mm cable entries, Robust polycarbonate enclosure, UV resistant, Enclosure glow wire flammability rating 960°C, Halogen free, Lower smoke generation, Padlockable in the OFF position, AC-21 Switch Rating, H:125 x W:100 x D:74mm",22.9836,Switch Disconnectors,100,Europa Components
LB323P,Europa 3 Pole Enclosed Switch-Disconnectors (IP65) LB323P,"IP65, 20mm Cable Entries, Robust Polycarbonate, UV Resistant, Enclosure Glow Wire flammability Rating 960°C, Halogen Free, Lower Smoke Generation, Padlockable in the OFF Position, H:125 x W:100 x D:74mm",23.9787,Switch Disconnectors,100,Europa Components
LB263MAINPOLE,Europa Main Pole (Rear Mounting) LB263MAINPOLE,"IEC & EN 60947-3, Main pole for when an additional pole is required, Rear mount for door interlock and enclosed switch-disconnectors, AC-22 switch rating",5.2576,Contact Blocks,100,Europa Components
LB263AUXEM,Europa Neutral Pole (Early Make Late Break) LB263AUXEM,"IEC & EN 60947-3, Neutral pole / fully rated, Rear mount for door interlock and enclosed switch-disconnectors, Colour coded in blue for easy identification, AC-22 switch rating",5.2576,Contact Blocks,100,Europa Components
LB254PBB,Europa 4 Pole Larger Enclosured Switch-Disconnector (IP65) LB254PBB,"IP65, 25mm cable entries, Robust resilient polycarbonate enclosure, UV resistant, Enclosure glow wire flammability rating 960°C, Padlockable in the OFF position for added security, AC-21 Switch Rating, H:175 x W:125 x D:90mm",28.0875,Contact Blocks,100,Europa Components
LB2125AUXEM,Europa Neutral Pole (Early Make Late Break) LB2125AUXEM,"IEC & EN 60947-3, Neutral pole / fully rated, Rear mount for door interlock and enclosed switch-disconnectors, Colour coded in blue for easy identification, AC-22 switch rating",12.6034,Contact Blocks,100,Europa Components
LB204P,Europa 4 Pole Switch Disconnector (IP65) LB204P,"IP65, 20mm cable entries, Robust polycarbonate enclosure, UV resistant, Enclosure glow wire flammability rating 960°C, Halogen free, Lower smoke generation, Padlockable in the OFF position, AC-21 Switch Rating, H:125 x W:100 x D:74mm",17.6015,Switch Disconnector,100,Europa Components
LB203PSN,Europa 3 Pole + Sw. Neutral Enclosed Switch-Disconnectors (IP65) LB203PSN,"IP65, Robust polycarbonate enclosure, UV Resistant, glow wire flammability rating 960 degree celcious, Halogen free, Lower smoke generation, Padlockable in the OFF position, Neutral contacts must be used when switching the neutral,H:125 x W:100 x D:74mm",17.6015,Switch Disconnector,100,Europa Components
LB1603PNLME,Europa 3 Pole + Neutral Link Steel Enclosed Switch-Disconnectors (IP65) LB1603PNLME,"IP65, Epoxy Coated Steel Enclosure, RAL 7035, Handle padlockable in the OFF position, Top & bottom gland plates, Fully rated neutral link, Door interlock with defeat mechanism, Tunnel Terminals, H:500 x W:400 x D:200mm",428.9145,Switch Disconnector,100,Europa Components
LB1254P,Europa 4 Pole Enclosed Switch-Disconnectors (IP65) LB1254P,"IP65, 25mm cable entries, Robust polycarbonate enclosure, UV resistant, Enclosure glow wire flammability rating 960°C, Halogen free, Lower smoke generation, Padlockable in the OFF position, AC-22 Switch Rating, H:280 x W:190 x D:130mm",112.4784,Switch Disconnector,100,Europa Components
LB1253PSN,Europa 3 Pole + Sw. Neutral Enclosed Switch-Disconnectors (IP65) LB1253PSN,"IP65, Robust polycarbonate enclosure, UV Resistant, glow wire flammability rating 960 degree celcious, Halogen free, Lower smoke generation, Padlockable in the OFF position, Neutral contacts must be used when switching the neutral, H:280 x W:190 x D:130mm",112.4784,Switch Disconnector,100,Europa Components
LB1003PSN,Europa 3 Pole + Sw. Neutral Enclosed Switch-Disconnectors (IP65) LB1003PSN,"IP65, Robust polycarbonate enclosure, UV Resistant, glow wire flammability rating 960 degree celcious, Halogen free, Lower smoke generation, Padlockable in the OFF position, Neutral contacts must be used when switching the neutral, H:280 x W:190 x D:130mm",93.732,Switch Disconnector,100,Europa Components
LA9-FF970,Europa Mechanical Interlocks for LC1 Contactors LA9-FF970,,45.1835,Contactors,100,Europa Components
ISS324N,Europa IP44 Surface Sockets ISS324N,"IEC 60309, Easy installation, Long life, High reliability, High quality housing, PG21 Cable Entries",11.9103,Sockets,100,Europa Components
IPSW325N,Europa IP67 Panel Sockets IPSW325N,"IEC 60309, Easy installation, Long life, High reliability, Suited to extreme conditions, High quality housing",14.0304,Sockets,100,Europa Components
IPSW1255N,Europa IP67 Panel Sockets IPSW1255N,"IEC 60309, Easy installation, Long life, High reliability, Suited to extreme conditions, High quality housing",184.2045,Sockets,100,Europa Components
IPS635N,Europa IP44 Panel Sockets IPS635N,"IEC 60309, Easy installation, Long life, High reliability, High quality housing, PG21 Cable Entries",36.1305,Sockets,100,Europa Components
GRG5M,Europa Metal Clad Garage Units (IP54) GRG5M,"EN60898 & EN 61008 Compliant, IP40, 5 module metal clad enclosure with metal lid, Earth and neutral terminals included., H:240 x W:130 x D:85mm (105mm inc. lid), Terminal capacity: 16mm2 Stranded / 10mm2 Flex",36.17,Enclosures & Accessories,100,Europa Components
FR14GG50V32,Europa 14 x 51mm gL FR14GG50V32,Rated at 500V 120kA,2.2422,Fuses,100,Europa Components
EUR180.30/2A,Europa 2 Pole RCCB 10kA EUR180.30/2A,"EN 61008, 230V, Type A",79.6294,RCCB,100,Europa Components
EUR163.30/2/110V,Europa 2 Pole RCCB 10kA EUR163.30/2/110V,"EN 61008, 230V, Type AC",#N/A,RCCB,100,Europa Components
EUR125.30/2A,Europa 2 Pole RCCB 10kA EUR125.30/2A,"EN 61008, 230V, Type A",56.8277,RCCB,100,Europa Components
EUR1100.30/2,Europa 2 Pole RCCB for TPN Boards (10kA) EUR1100.30/2,"EN61008, 230V, Type AC, Terminal Capacity: 35mm2",#N/A,RCCB,100,Europa Components
EUC6-125-4P,Europa 4 Pole Modular Contactor (6 Module) EUC6-125-4P,"4 Pole / 6 Module, Width:108mm, Rated Insulation Voltage (Ui) 500V AC, Terminal Capacity: 2.5 - 25mm2",183.75,RCCB,100,Europa Components
EUC3P63B,Europa 3 Pole MCB 10kA B Curve EUC3P63B,"EN 60898, 10kA Rating",31.191,MCB,100,Europa Components
EUC3P32D,Europa 3 Pole MCB 10kA D Curve EUC3P32D,"EN 60898, 10kA Rating",35.7642,MCB,100,Europa Components
EUC3P32B,Europa 3 Pole MCB 10kA B Curve EUC3P32B,"EN 60898, 10kA Rating",31.191,MCB,100,Europa Components
EUC3P20C,Europa 3 Pole MCB 10kA C Curve EUC3P20C,"EN 60898, 10kA Rating",31.191,MCB,100,Europa Components
EUC3-40-4NOB,Europa 4 Pole Modular Contactor (3 Module) EUC3-40-4NOB,"4 Pole / 3 Module, Width:54mm, Rated Insulation Voltage (Ui) 500V AC, Terminal Capacity: 2.5 - 25mm2",87.8955,Contactors,100,Europa Components
EUC2P50C,Europa 2 Pole MCB 10kA C Curve EUC2P50C,"EN 60898, 10kA Rating",22.6773,MCB,100,Europa Components
EUC2P4C,Europa 2 Pole MCB 10kA C Curve EUC2P4C,"EN 60898, 10kA Rating",22.6773,MCB,100,Europa Components
EUC2P25D,Europa 2 Pole MCB 10kA D Curve EUC2P25D,"EN 60898, 10kA Rating",26.9286,MCB,100,Europa Components
EUC2P10C,Europa 2 Pole MCB 10kA C Curve EUC2P10C,"EN 60898, 10kA Rating",22.6773,MCB,100,Europa Components
EUC2-25-4P,Europa 4 Pole Modular Contactor (2 Module) EUC2-25-4P,"4 Pole / 2 Module, Width:36mm, Rated Insulation Voltage (Ui) 500V AC, Terminal Capacity: 1.5 - 10mm2",54.642,Contactors,100,Europa Components
EUC1P32B,Europa 1 Pole MCB 10kA B Curve EUC1P32B,"EN 60898, 10kA Rating",10.101,MCB,100,Europa Components
EUC1P20B,Europa 1 Pole MCB 10kA B Curve EUC1P20B,"EN 60898, 10kA Rating",10.101,MCB,100,Europa Components
EUC1P10B,Europa 1 Pole MCB 10kA B Curve EUC1P10B,"EN 60898, 10kA Rating",10.101,MCB,100,Europa Components
EUC1-20-2NCB,Europa 2 Pole Modular Contactor (1 Module) EUC1-20-2NCB,"2 Pole / 1 Module, Width 18mm, Rated insulation voltage (Ui) 400V AC, Terminal capacity: 1.5 - 10mm2",33.894,Contactors,100,Europa Components
EUBLOCK,Europa Accessories for MCB EUBLOCK,"Fits most breakers, Used to lock MCB’s, RCBO’s, RCCB’s, & mainswitches in the ON or OFF positions. ",8.7556,MCB,100,Europa Components
EUB16B,Europa 1 Pole MCB 6kA B Curve EUB16B,"EN 60898, 6kA Rating, 18mm Width, Terminal Capacity: 1.0-25mm2",5.289,MCB,100,Europa Components
EUB132B,Europa 1 Pole MCB 6kA B Curve EUB132B,"EN 60898, 6kA Rating, 18mm Width, Terminal Capacity: 1.0-25mm2",5.289,MCB,100,Europa Components
EUB116B,Europa 1 Pole MCB 6kA B Curve EUB116B,"EN 60898, 6kA Rating, 18mm Width, Terminal Capacity: 1.0-25mm2",5.289,MCB,100,Europa Components
EUB110B,Europa 1 Pole MCB 6kA B Curve EUB110B,"EN 60898, 6kA Rating, 18mm Width, Terminal Capacity: 1.0-25mm2",5.289,MCB,100,Europa Components
ELCU16SP17/80,Europa E-Line Consumer Unit (IP40) ELCU16SP17/80,"IP40, All RCD’s 30mA, Knock-outs for trunking, Earth and neutral busbars included, Drop down padlockable lid with magnetic latch, Rear open frame enclosure for easy wiring, H:249 x W:365 x D:107mm",#N/A,Enclosures & Accessories,100,Europa Components
ELCU16R,Europa E-Line Consumer Unit (IP40) ELCU16R,"IP40, All RCD’s 30mA, Knock-outs for trunking, Earth and neutral busbars included, Drop down padlockable lid with magnetic latch, Rear open frame enclosure for easy wiring, H:249 x W:365 x D:107mm",#N/A,Enclosures & Accessories,100,Europa Components
ECUBPD,Europa Din Rail Mounted Blank ECUBPD,"Din rail mounting / Will fit most modern boards & top hat din rail, Includes ventilation slots designed to dissipate heat when used to separate modular Contactors.",1.2543,Enclosures & Accessories,100,Europa Components
ECPF03,Europa Phase Failure Relays ECPF03,"IP40 for front panel / IP20 terminals, Output: 1 x SPDT , Current rating: 10A / AC-1, Module widtH:17.5mm, Din rail mounting, Operating temperature -20 to +55°C",25.4035,Relays,100,Europa Components
EC4,Europa Open Front Modular Enclosures (IP20) EC4,IP20,3.43,Enclosures & Accessories,100,Europa Components
CDL-4U-EP,Europa End Plates (EPDBL4UGY) CDL-4U-EP,End Plates are used to cover the live parts of the last terminal block making the assembly finger safe,#N/A,Enclosures & Accessories,100,Europa Components
CBR125-3PNL-25AT-MC,Europa 3 Pole + Neutral Link Enclosed CBR CBR125-3PNL-25AT-MC,"IEC 60947-2, Top & bottom gland plates, c/w IP2X input and output terminal shrouds, Terminal extension bars fitted, Fully rated neutral link, Adjustable thermal & fixed magnetic protection, padlockable handle, All ratings at 400/415V AC 50/60Hz",1515.8493,Enclosures & Accessories,100,Europa Components
BTTM42V630,Europa TTM BTTM42V630,"415V AC 80kA / 240V DC 40kA, Fixing centres: 133mm inner holes / 184mm outer holes, Diameter: 74.4mm (Size C2), ASTA 20 Certified",128.3382,Fuses,100,Europa Components
BTIS42V63,Europa TIS BTIS42V63,"415V AC 80kA / 240V DC 40kA, Fixing centres: 73mm / Diameter: 17.1mm (Size A3C), ASTA 20 Certified",11.76,Fuses,100,Europa Components
BTIA42V32M40,Europa TIA BTIA42V32M40,"550Vcc 80kA / 250V DC 40kA, Fixing centres: 73mm / Diameter: 21mm, ASTA 20 Certified",9.99,Fuses,100,Europa Components
BTFP42V125,Europa TFP BTFP42V125,"415V AC 80kA / 250V DC 40kA, Fixing centres: 94mm / Diameter: 31mm, ASTA 20 Certified",34.6542,Fuses,100,Europa Components
BNIT55V20,Europa NIT BNIT55V20,"550V AC 80kA / 250V DC 40kA, Fixing centres: 44.5mm / Diameter: 13.5mm (Size A1), ASTA 20 Certified",4.6842,Fuses,100,Europa Components
BNIT55V16,Europa NIT BNIT55V16,"550V AC 80kA / 250V DC 40kA, Fixing centres: 44.5mm / Diameter: 13.5mm (Size A1), ASTA 20 Certified",4.6842,Fuses,100,Europa Components
BNEUTRALA4,Europa Solid Link A4 BNEUTRALA4,BS88 Bolted Type,3.8295,Fuses,100,Europa Components
BNEUTRALA3,Europa Solid Link A3 BNEUTRALA3,BS88 Bolted Type,3.5076,Fuses,100,Europa Components
BA9LED4P,Europa LED BA9 Bayonet (10 x 23mm) BA9LED4P,"AC/DC, Long life: 30,000 Hours, Operating temperature: -25°C to + 55°C",2.185,"Push Buttons, Key Switches & Pilot Lights",100,Europa Components
70-007-65/5A,Europa 5 x 20mm (T) Slow Blow Ceramic Miniature Fuse 70-007-65/5A,250V,34.6986,Fuses,100,Europa Components
70-007-65/3.15A,Europa 5 x 20mm (T) Slow Blow Ceramic Miniature Fuse 70-007-65/3.15A,250V,34.6986,Fuses,100,Europa Components
70-007-65/1A,Europa 5 x 20mm (T) Slow Blow Ceramic Miniature Fuse 70-007-65/1A,250V,34.6986,Fuses,100,Europa Components
70-007-33/3.15A,Europa 5 x 20mm (F) Quick Blow Ceramic Miniature Fuse 70-007-33/3.15A,250V,34.6986,Fuses,100,Europa Components
70-007-33/2.5A,Europa 5 x 20mm (F) Quick Blow Ceramic Miniature Fuse 70-007-33/2.5A,250V,34.6986,Fuses,100,Europa Components
70-007-33/1A,Europa 5 x 20mm (F) Quick Blow Ceramic Miniature Fuse 70-007-33/1A,250V,34.6986,Fuses,100,Europa Components
70-001-35/3.15A,Europa 5 x 20mm (T) Slow Blow Glass Miniature Fuse 70-001-35/3.15A,250V,22.4442,Fuses,100,Europa Components
70-001-34/0.5A,Europa 5 x 20mm (F) Quick Blow Glass Miniature Fuse 70-001-34/0.5A,250V,20.1243,Fuses,100,Europa Components
642814,Europa 3 Pole CBR (MCCB + RCD) 642814,,#N/A,MCCB,100,Europa Components
596773,Europa 4 Pole MCCB's 596773,"IEC 60947-2, Adjustable thermal (0.63 to 1 x In), Fixed magnetic protection, All ratings at 400/415V AC 50/60Hz",#N/A,MCCB,100,Europa Components
50-142-06/63A,Europa 22 x 58mm uR (Ultra Rapid + Striker) Ceramic Fuse 690V 50-142-06/63A,"EN 60269-4, IEC 60269-4, VDE 0636-4, UL 248-13, Breaking capacity: 200kA - 700Vac, With striker",31.8237,Fuses,100,Europa Components
50-124-06/10A,Europa 14 x 51mm uR (Ultra Rapid) Ceramic Fuse 690V 50-124-06/10A,"IEC 60269-4, VDE 0636-4, UL 248-13, Breaking capacity: 200kA",13.3977,Fuses,100,Europa Components
20-004-13/400A,Europa NH2 gL (General Line) Fuse 500V 20-004-13/400A,"With combi indicator, W:53 x H:59 x L: 150mm, IEC 60269-2, VDE 0636 part 2",28.0941,Fuses,100,Europa Components
20-004-13/200A,Europa NH2 gL (General Line) Fuse 500V 20-004-13/200A,"With combi indicator, W:53 x H:59 x L: 150mm, IEC 60269-2, VDE 0636 part 2",21.2676,Fuses,100,Europa Components
20-002-13/80A,Europa NH0 gL (General Line) Fuse 500V 20-002-13/80A,"With combi indicator, W:29.5 x H:46 x L: 125mm, IEC 60269-2 , VDE 0636 part 6",14.7741,Fuses,100,Europa Components
,,,,,,
,,,,,,
,,,,,,
,,,,,,
,,,,,,
,,,,,,
,,,,,,
,,,,,,
,,,,,,
,,,,,,
,,,,,,
,,,,,,
,,,,,,
,,,,,,
,,,,,,
,,,,,,
,,,,,,
,,,,,,
,,,,,,
,,,,,,
,,,,,,
,,,,,,
,,,,,,
,,,,,,
,,,,,,
,,,,,,
,,,,,,
,,,,,,
,,,,,,
,,,,,,
,,,,,,
,,,,,,
,,,,,,
,,,,,,
,,,,,,
,,,,,,
,,,,,,
,,,,,,
,,,,,,
,,,,,,
,,,,,,
,,,,,,
,,,,,,
,,,,,,
,,,,,,
,,,,,,
,,,,,,
,,,,,,
,,,,,,
,,,,,,
,,,,,,
,,,,,,
,,,,,,
,,,,,,
,,,,,,
,,,,,,
,,,,,,
,,,,,,
,,,,,,
,,,,,,
,,,,,,
,,,,,,
,,,,,,
,,,,,,
,,,,,,
,,,,,,
,,,,,,
,,,,,,
,,,,,,
,,,,,,
,,,,,,
,,,,,,
,,,,,,
,,,,,,
,,,,,,
,,,,,,
,,,,,,
,,,,,,
,,,,,,
,,,,,,
,,,,,,
,,,,,,
,,,,,,
,,,,,,
,,,,,,
,,,,,,
,,,,,,
,,,,,,
,,,,,,
,,,,,,
,,,,,,
,,,,,,
,,,,,,
,,,,,,
,,,,,,
,,,,,,
,,,,,,
,,,,,,
,,,,,,
,,,,,,
,,,,,,
,,,,,,
,,,,,,
,,,,,,
,,,,,,
,,,,,,
,,,,,,
,,,,,,
,,,,,,
,,,,,,
,,,,,,
,,,,,,
,,,,,,
,,,,,,
,,,,,,
,,,,,,
,,,,,,
,,,,,,
,,,,,,
,,,,,,
,,,,,,
,,,,,,
,,,,,,
,,,,,,
,,,,,,
,,,,,,
